card_id,status,mechanic_scope,reason,probe_file,notes
GVG_092,GREEN,Battlecry|Draw / Discard|Transform,本轮逐卡行为断言通过：minion_draw_chicken=drawn_original=SETASIDE;hand=['GVG_092t'];chicken=1;source=PLAY; spell_draw_unchanged=drawn=CS2_029/HAND;hand=['CS2_029'],gvg_probe_tail.csv,"2 new live cases; EN/ZH text, source, prior audit and existing refs preserved in probe notes."
GVG_094,GREEN,Trigger,"本轮逐卡行为断言通过：both_turn_ends_draw_to_three=after_owner_turn=(3, 1);after_opponent_turn=(3, 3);jeeves=PLAY",gvg_probe_tail.csv,"1 new live cases; EN/ZH text, source, prior audit and existing refs preserved in probe notes."
GVG_097,GREEN,Battlecry|Taunt,本轮逐卡行为断言通过：enemy_deathrattles_only=enemy_deathrattle=2;own_deathrattle=EX1_029;stats=4/5;base=2/3;taunt=1,gvg_probe_tail.csv,"1 new live cases; EN/ZH text, source, prior audit and existing refs preserved in probe notes."
GVG_099,GREEN,Battlecry|Random effects,"本轮逐卡行为断言通过：single_enemy_four_damage=target_damage=4;zone=PLAY;lobber=PLAY;hero_health=30; random_enemy_minion_domain=16_seeded_winners=[0, 1]",gvg_probe_tail.csv,"2 new live cases; EN/ZH text, source, prior audit and existing refs preserved in probe notes."
GVG_100,GREEN,Trigger,"本轮逐卡行为断言通过：own_turn_hero_damage_buffs=own_turn_hero_damage=2;before=(4, 4);after=6/6; opponent_turn_hero_damage_no_buff=opponent_turn_hero_damage=2;before=(4, 4);after=4/4",gvg_probe_tail.csv,"2 new live cases; EN/ZH text, source, prior audit and existing refs preserved in probe notes."
GVG_102,GREEN,Battlecry|Random effects,"本轮逐卡行为断言通过：with_mech_stats_and_part=stats=4/4;base=3/3;added=[('PART_007', True, 'HAND')]; without_mech_no_bonus=stats=3/3;base=3/3;hand=[]",gvg_probe_tail.csv,"2 new live cases; EN/ZH text, source, prior audit and existing refs preserved in probe notes."
GVG_103,GREEN,Trigger,本轮逐卡行为断言通过：both_turn_starts_gain_attack=attack=1->2->3;health=2,gvg_probe_tail.csv,"1 new live cases; EN/ZH text, source, prior audit and existing refs preserved in probe notes."
GVG_104,GREEN,Trigger,"本轮逐卡行为断言通过：one_attack_only=wisp=3/3,base=1/1;yeti=4/5,base=4/5;hob=PLAY",gvg_probe_tail.csv,"1 new live cases; EN/ZH text, source, prior audit and existing refs preserved in probe notes."
GVG_108,GREEN,Battlecry|Random effects|Targeting|Transform,"本轮逐卡行为断言通过：friendly_same_cost_transform=16_seeded_same_cost_replacements=['ULD_207', 'EX1_186', 'AT_093', 'CS2_119', 'UNG_065', 'TRL_092', 'LOOT_018', 'NEW1_011', 'CFM_715', 'LOOT_193', 'GIL_510', 'TRL_525', 'BOT_555', 'EX1_025', 'CFM_809', 'DRG_071'];distinct=16;enemy_target_excluded=True; no_target_enters_normally=source=PLAY;board=['GVG_108']",gvg_probe_tail.csv,"2 new live cases; EN/ZH text, source, prior audit and existing refs preserved in probe notes."
GVG_110,GREEN,Battlecry|Summon,"本轮逐卡行为断言通过：two_one_one_boom_bots=board=[('GVG_110t', 1, 1, 'PLAY'), ('GVG_110', 7, 7, 'PLAY'), ('GVG_110t', 1, 1, 'PLAY')]; boom_bot_deathrattle_damage=bot_zone=GRAVEYARD;enemy_hero_damage=1;enemy_board=[]",gvg_probe_tail.csv,"2 new live cases; EN/ZH text, source, prior audit and existing refs preserved in probe notes."
GVG_111,GREEN,Summon|Trigger,"本轮逐卡行为断言通过：two_mechs_no_formation=mech_count=2;head=PLAY;other=PLAY;formed=0; three_mechs_form_v07tron=head=GRAVEYARD;other_mechs=['GRAVEYARD', 'GRAVEYARD'];formed=[('GVG_111t', 'PLAY', True)]",gvg_probe_tail.csv,"2 new live cases; EN/ZH text, source, prior audit and existing refs preserved in probe notes."
GVG_112,GREEN,Trigger,"本轮逐卡行为断言通过：friendly_attack_wrong_enemy_randomness=32_seeded_attack_destinations=['hero', 'minion'];mogor=PLAY; enemy_attack_wrong_enemy_randomness=32_seeded_opponent_attack_destinations=['hero', 'minion']",gvg_probe_tail.csv,"2 new live cases; EN/ZH text, source, prior audit and existing refs preserved in probe notes."
GVG_114,GREEN,Deathrattle|Random effects|Summon,"本轮逐卡行为断言通过：legendary_deathrattle_pool=16_seeded_legendary_ids=['AT_123', 'BOT_433', 'CFM_344', 'CFM_643', 'CFM_685', 'DAL_726', 'DRG_090', 'DRG_235', 'EX1_116', 'GVG_118', 'ICC_405', 'ICC_858', 'NEW1_038', 'OG_123', 'OG_317', 'TRL_252']",gvg_probe_tail.csv,"1 new live cases; EN/ZH text, source, prior audit and existing refs preserved in probe notes."
GVG_116,GREEN,Summon|Trigger,"本轮逐卡行为断言通过：enemy_death_summons_leper=enemy=GRAVEYARD;lepers=[('EX1_029', 'PLAY')];engineer=PLAY; friendly_death_no_leper=friendly_dead=GRAVEYARD;lepers=[]",gvg_probe_tail.csv,"2 new live cases; EN/ZH text, source, prior audit and existing refs preserved in probe notes."
GVG_117,GREEN,Random effects|Trigger,"本轮逐卡行为断言通过：one_cost_spell_adds_random_mech=16_seeded_mechs=['BOT_031', 'BOT_059', 'BOT_267', 'BOT_283', 'BOT_509', 'BOT_537', 'BOT_565', 'DAL_770', 'DRG_023', 'DRG_074', 'GIL_809', 'GVG_006', 'GVG_027', 'GVG_085', 'OG_147', 'ULD_217']; zero_cost_spell_no_mech=spell_cost=0;hand_before=0;hand_after=[];source=PLAY; opponent_one_cost_spell_no_mech=opponent_spell_cost=1;owner_hand_before=0;owner_hand_after=[];gazlowe=PLAY",gvg_probe_tail.csv,"3 new live cases; EN/ZH text, source, prior audit and existing refs preserved in probe notes."
GVG_119,GREEN,Battlecry|Random effects|Summon,"本轮逐卡行为断言通过：weapon_each_player=16_seeded_weapon_pairs=[('TRL_325', 'GIL_672'), ('EX1_366', 'LOOT_044'), ('AT_077', 'EX1_536'), ('CS2_097', 'KAR_063'), ('TRL_360', 'CFM_631'), ('OG_033', 'GVG_036'), ('LOOT_108', 'UNG_061'), ('LOOT_380', 'ULD_430'), ('CS2_080', 'TRL_352'), ('LOOT_209', 'GVG_059'), ('GIL_596', 'EX1_536'), ('TRL_074', 'EX1_536'), ('BT_018', 'TRL_111'), ('EX1_133', 'OG_031'), ('CS2_091', 'GVG_036'), ('DRG_025', 'GVG_036')];distinct_pairs=16",gvg_probe_tail.csv,"1 new live cases; EN/ZH text, source, prior audit and existing refs preserved in probe notes."
GVG_122,GREEN,Aura|Continuous effect / Update|Untargetable,"本轮逐卡行为断言通过：adjacent_untargetable_aura=spell_blocked=(True, True);spell_far_legal=True;power_blocked=(True, True);power_far_legal=True;spell_restored=(True, True);power_restored=(True, True);stop_zone=GRAVEYARD",gvg_probe_tail.csv,"1 new live cases; EN/ZH text, source, prior audit and existing refs preserved in probe notes."
