version,set,card_id,name_en,name_zh,mechanic,status,implementation,tested,reason,evidence,notes,card_text_en,card_text_zh,python_source
17.6.0.53261,One Night in Karazhan (KARA),KAR_004,Cat Trick,豹子戏法,Secret|Spell resolution|Summon|Trigger,GREEN,implemented,yes,逐卡实测：己方施法不触发；对手施法后奥秘进入墓地且只召唤一只4/2潜行猎豹；第二次对手施法不重复触发；满场时奥秘仍正确消耗且不超出七个随从。,tests/test_kara_red_fixes.py::test_cat_trick_consumes_secret_once_after_enemy_spell; tests/test_kara_red_fixes.py::test_cat_trick_full_board_still_consumes_secret,原始结论保留于known_issues_archive_2026-09-29/。 修复前奥秘召唤猎豹后仍留在 SECRET 区；现加入 Reveal(SELF)。,"Secret: After your opponent casts a spell, summon a 4/2 Panther with Stealth.",奥秘：在你的对手施放一个法术后，召唤一个4/2并具有潜行的猎豹。,fireplace/cards/karazhan/collectible.py:305
17.6.0.53261,One Night in Karazhan (KARA),KAR_005,Kindly Grandmother,慈祥的外婆,Deathrattle|Summon,GREEN,implemented,yes,"逐卡对局断言通过：KAR_005_live_01=grandmother=GRAVEYARD;wolves=[(3, 2, 'PLAY')];token_data=(3, 2)",card_mechanism.csv#KAR_005; generic-play-smoke:played; effect-evidence: reports/card_quality_full_2026-09-27/three_set_probe.csv#KAR_005::KAR_005_live_01; per-card: reports/card_quality_full_2026-09-27/three_set_probe.csv#KAR_005::KAR_005_live_01,聚合状态取该卡最差机制；普通烟测只证明可执行，不能单独构成 GREEN。 EN=Deathrattle: Summon a 3/2 Big Bad Wolf.; ZH=亡语：召唤一只3/2的大灰狼。; source=fireplace/cards/karazhan/collectible.py:8; existing_tests=tests/test_karazhan.py:8:test_kindly_grandmother; prior_card_audit=1 个机制缺少充分的核心效果验证；逐机制依据见 card_mechanism.csv。; prior_mechanism_audit=存在定义或元数据候选；当前没有可复查的该机制核心效果断言。 / 现有行为断言验证核心亡语结果；本轮测试通过，且实际死亡结算已核对。; cross_card_issues=无; probe_cases=KAR_005_live_01,Deathrattle: Summon a 3/2 Big Bad Wolf.,亡语：召唤一只3/2的大灰狼。,fireplace/cards/karazhan/collectible.py:8
17.6.0.53261,One Night in Karazhan (KARA),KAR_006,Cloaked Huntress,神秘女猎手,Continuous effect / Update|Cost modification,GREEN,implemented,yes,"逐卡对局断言通过：KAR_006_live_01=while_huntress=(0, 0);after_death=(2, 0, 'GRAVEYARD')",card_mechanism.csv#KAR_006; generic-play-smoke:played; effect-evidence: reports/card_quality_full_2026-09-27/three_set_probe.csv#KAR_006::KAR_006_live_01; per-card: reports/card_quality_full_2026-09-27/three_set_probe.csv#KAR_006::KAR_006_live_01,聚合状态取该卡最差机制；普通烟测只证明可执行，不能单独构成 GREEN。 EN=Your Secrets cost (0).; ZH=你的奥秘法力值消耗为（0）点。; source=fireplace/cards/karazhan/collectible.py:14; existing_tests=tests/test_karazhan.py:19:test_cloaked_huntress; prior_card_audit=2 个机制缺少充分的核心效果验证；逐机制依据见 card_mechanism.csv。; prior_mechanism_audit=存在定义或元数据候选；当前没有可复查的该机制核心效果断言。; cross_card_issues=无; probe_cases=KAR_006_live_01,Your Secrets cost (0).,你的奥秘法力值消耗为（0）点。,fireplace/cards/karazhan/collectible.py:14
17.6.0.53261,One Night in Karazhan (KARA),KAR_009,Babbling Book,呓语魔典,Battlecry|Random effects,GREEN,implemented,yes,逐卡实测：呓语魔典战吼恰好向手牌添加一张法师法术；随机池全部为法师法术，多组随机种子实际生成结果均满足卡牌文本。,tests/test_kara_red_fixes.py::test_babbling_book_adds_exactly_one_mage_spell_to_hand,原始结论保留于known_issues_archive_2026-09-29/。 修复前 RandomSpell() 可生成其他职业法术；现限定 CardClass.MAGE。,Battlecry: Add a random Mage spell to your hand.,战吼：随机将一张法师法术牌置入你的 手牌。,fireplace/cards/karazhan/collectible.py:20
17.6.0.53261,One Night in Karazhan (KARA),KAR_010,Nightbane Templar,夜魇骑士,Battlecry|Summon,GREEN,implemented,yes,"逐卡对局断言通过：KAR_010_live_01=no_dragon_field=['KAR_010'];holding_dragon=HAND;dragon_branch_field=['KAR_010a', 'KAR_010', 'KAR_010a'];tokens=[(1, 1, 'PLAY'), (1, 1, 'PLAY')];enemy_field=[]",card_mechanism.csv#KAR_010; generic-play-smoke:played; effect-evidence: reports/card_quality_full_2026-09-27/three_set_probe.csv#KAR_010::KAR_010_live_01; per-card: reports/card_quality_full_2026-09-27/three_set_probe.csv#KAR_010::KAR_010_live_01,"聚合状态取该卡最差机制；普通烟测只证明可执行，不能单独构成 GREEN。 EN=Battlecry: If you're holding a Dragon, summon two 1/1 Whelps.; ZH=战吼：如果你的手牌中有龙牌，便召唤两个1/1的雏龙。; source=fireplace/cards/karazhan/collectible.py:26; existing_tests=tests/test_karazhan.py:45:test_nightbane_templar | tests/test_karazhan.py:52:test_nightbane_templar; prior_card_audit=2 个机制缺少充分的核心效果验证；逐机制依据见 card_mechanism.csv。; prior_mechanism_audit=存在定义或元数据候选；当前没有可复查的该机制核心效果断言。; cross_card_issues=无; probe_cases=KAR_010_live_01","Battlecry: If you're holding a Dragon, summon two 1/1 Whelps.",战吼：如果你的手牌中有龙牌，便召唤两个1/1的雏龙。,fireplace/cards/karazhan/collectible.py:26
17.6.0.53261,One Night in Karazhan (KARA),KAR_011,Pompous Thespian,自负的演员,Taunt,GREEN,implemented,yes,"逐卡对局断言通过：KAR_011_live_01=id=KAR_011;stats=(3, 2, 2);taunt=1;zone=PLAY；KAR_011_live_02=taunt_target_gate=(True, False);after_attack=('GRAVEYARD', 30, True)",card_mechanism.csv#KAR_011; generic-play-smoke:played; effect-evidence: reports/card_quality_full_2026-09-27/three_set_probe.csv#KAR_011::KAR_011_live_01; reports/card_quality_full_2026-09-27/three_set_probe.csv#KAR_011::KAR_011_live_02; per-card: reports/card_quality_full_2026-09-27/three_set_probe.csv#KAR_011::KAR_011_live_01; reports/card_quality_full_2026-09-27/three_set_probe.csv#KAR_011::KAR_011_live_02,"聚合状态取该卡最差机制；普通烟测只证明可执行，不能单独构成 GREEN。 EN=Taunt; ZH=嘲讽; source=未发现 Python 卡牌脚本（验证卡牌数据库行为）; existing_tests=无候选既有测试引用; prior_card_audit=1 个机制缺少充分的核心效果验证；逐机制依据见 card_mechanism.csv。; prior_mechanism_audit=存在定义或元数据候选；当前没有可复查的该机制核心效果断言。; cross_card_issues=无; probe_cases=KAR_011_live_01,KAR_011_live_02",Taunt,嘲讽,
17.6.0.53261,One Night in Karazhan (KARA),KAR_013,Purify,净化,Draw / Discard|Silence|Spell resolution|Targeting,GREEN,implemented,yes,"逐卡对局断言通过：KAR_013_live_01=before=(3, 3, True);after=(1, 1, 1, False, 'PLAY');drawn=HAND;hand=['CS2_231'];spell=GRAVEYARD",card_mechanism.csv#KAR_013; generic-play-smoke:played; effect-evidence: reports/card_quality_full_2026-09-27/three_set_probe.csv#KAR_013::KAR_013_live_01; per-card: reports/card_quality_full_2026-09-27/three_set_probe.csv#KAR_013::KAR_013_live_01,聚合状态取该卡最差机制；普通烟测只证明可执行，不能单独构成 GREEN。 EN=Silence a friendly minion. Draw a card.; ZH=沉默一个友方随从，抽一张牌。; source=fireplace/cards/karazhan/collectible.py:311; existing_tests=tests/test_karazhan.py:445:test_purify; prior_card_audit=4 个机制缺少充分的核心效果验证；逐机制依据见 card_mechanism.csv。; prior_mechanism_audit=存在定义或元数据候选；当前没有可复查的该机制核心效果断言。 / 缺目标与非法自身目标均在付费/移区前被拒绝；合法目标效果仍需逐卡验证。; cross_card_issues=无; probe_cases=KAR_013_live_01,Silence a friendly minion. Draw a card.,沉默一个友方随从，抽一张牌。,fireplace/cards/karazhan/collectible.py:311
17.6.0.53261,One Night in Karazhan (KARA),KAR_021,Wicked Witchdoctor,邪恶的巫医,Random effects|Summon|Trigger,GREEN,implemented,yes,"逐卡对局断言通过：KAR_021_live_01=16_own_coin_totems=['NEW1_009', 'CS2_052', 'CS2_050', 'CS2_052', 'CS2_051', 'NEW1_009', 'CS2_051', 'CS2_051', 'CS2_052', 'NEW1_009', 'NEW1_009', 'CS2_052', 'NEW1_009', 'CS2_052', 'CS2_051', 'CS2_052'];distinct=4;opponent_spell_no_trigger=true",card_mechanism.csv#KAR_021; generic-play-smoke:played; effect-evidence: reports/card_quality_full_2026-09-27/three_set_probe.csv#KAR_021::KAR_021_live_01; per-card: reports/card_quality_full_2026-09-27/three_set_probe.csv#KAR_021::KAR_021_live_01,"聚合状态取该卡最差机制；普通烟测只证明可执行，不能单独构成 GREEN。 EN=Whenever you cast a spell, summon a random basic Totem.; ZH=每当你施放一个法术，随机召唤一个基础图腾。; source=fireplace/cards/karazhan/collectible.py:33; existing_tests=tests/test_karazhan.py:60:test_wicked_witchdoctor; prior_card_audit=3 个机制缺少充分的核心效果验证；逐机制依据见 card_mechanism.csv。; prior_mechanism_audit=存在定义或元数据候选；当前没有可复查的该机制核心效果断言。; cross_card_issues=CAST-001[semantics_pending]:效果代施放法术会结算，但不广播玩家 Play ON/AFTER；与手牌施放触发不同，规则语义待核实，暂不判定为错误。; probe_cases=KAR_021_live_01","Whenever you cast a spell, summon a random basic Totem.",每当你施放一个法术，随机召唤一个基础图腾。,fireplace/cards/karazhan/collectible.py:33
17.6.0.53261,One Night in Karazhan (KARA),KAR_025,Kara Kazham!,附灵术,Spell resolution|Summon,GREEN,implemented,yes,"逐卡对局断言通过：KAR_025_live_01=first_pack=[('KAR_025a', 1, 1), ('KAR_025b', 2, 2), ('KAR_025c', 3, 3)];one_free_slot_result=[('KAR_025a', 1, 1)];spell_zones=('GRAVEYARD', 'GRAVEYARD');boards=(3, 7)",card_mechanism.csv#KAR_025; generic-play-smoke:played; effect-evidence: reports/card_quality_full_2026-09-27/three_set_probe.csv#KAR_025::KAR_025_live_01; per-card: reports/card_quality_full_2026-09-27/three_set_probe.csv#KAR_025::KAR_025_live_01,"聚合状态取该卡最差机制；普通烟测只证明可执行，不能单独构成 GREEN。 EN=Summon a 1/1 Candle, 2/2 Broom, and 3/3 Teapot.; ZH=召唤一个1/1的蜡烛，2/2的扫帚和3/3的茶壶。; source=fireplace/cards/karazhan/collectible.py:322; existing_tests=tests/test_karazhan.py:464:test_kara_kazham | tests/test_karazhan.py:466:test_kara_kazham | tests/test_karazhan.py:470:test_kara_kazham; prior_card_audit=2 个机制缺少充分的核心效果验证；逐机制依据见 card_mechanism.csv。; prior_mechanism_audit=存在定义或元数据候选；当前没有可复查的该机制核心效果断言。; cross_card_issues=无; probe_cases=KAR_025_live_01","Summon a 1/1 Candle, 2/2 Broom, and 3/3 Teapot.",召唤一个1/1的蜡烛，2/2的扫帚和3/3的茶壶。,fireplace/cards/karazhan/collectible.py:322
17.6.0.53261,One Night in Karazhan (KARA),KAR_026,Protect the King!,保卫国王,Spell resolution|Summon,GREEN,implemented,yes,"逐卡对局断言通过：KAR_026_live_01=enemy_count=3;pawn_count=3;pawns=[(1, 1, 1, 'PLAY'), (1, 1, 1, 'PLAY'), (1, 1, 1, 'PLAY')];spell=GRAVEYARD",card_mechanism.csv#KAR_026; generic-play-smoke:played; effect-evidence: reports/card_quality_full_2026-09-27/three_set_probe.csv#KAR_026::KAR_026_live_01; per-card: reports/card_quality_full_2026-09-27/three_set_probe.csv#KAR_026::KAR_026_live_01,"聚合状态取该卡最差机制；普通烟测只证明可执行，不能单独构成 GREEN。 EN=For each enemy minion, summon a 1/1 Pawn with Taunt.; ZH=战场上每有一个敌方随从，便召唤一个1/1并具有嘲讽的 禁卫。; source=fireplace/cards/karazhan/collectible.py:333; existing_tests=tests/test_karazhan.py:477:test_protect_the_king; prior_card_audit=2 个机制缺少充分的核心效果验证；逐机制依据见 card_mechanism.csv。; prior_mechanism_audit=存在定义或元数据候选；当前没有可复查的该机制核心效果断言。; cross_card_issues=无; probe_cases=KAR_026_live_01","For each enemy minion, summon a 1/1 Pawn with Taunt.",战场上每有一个敌方随从，便召唤一个1/1并具有嘲讽的 禁卫。,fireplace/cards/karazhan/collectible.py:333
17.6.0.53261,One Night in Karazhan (KARA),KAR_028,Fool's Bane,愚者之灾,Continuous effect / Update|Weapon,GREEN,implemented,yes,"逐卡对局断言通过：KAR_028_live_01=weapon=KAR_028;attack_while_equipped=3;attack_after_break=0;enemy_hero_legal=False;attacks=[(True, 'GRAVEYARD', 3), (True, 'GRAVEYARD', 2), (True, 'GRAVEYARD', 1), (True, 'GRAVEYARD', 0)];weapon_after=None",card_mechanism.csv#KAR_028; generic-play-smoke:played; effect-evidence: reports/card_quality_full_2026-09-27/three_set_probe.csv#KAR_028::KAR_028_live_01; per-card: reports/card_quality_full_2026-09-27/three_set_probe.csv#KAR_028::KAR_028_live_01,聚合状态取该卡最差机制；普通烟测只证明可执行，不能单独构成 GREEN。 EN=Unlimited attacks each turn. Can't attack heroes.; ZH=每个回合攻击次数不限，但无法攻击英雄。; source=fireplace/cards/karazhan/collectible.py:383; existing_tests=tests/test_karazhan.py:567:test_fools_bane; prior_card_audit=2 个机制缺少充分的核心效果验证；逐机制依据见 card_mechanism.csv。; prior_mechanism_audit=存在定义或元数据候选；当前没有可复查的该机制核心效果断言。; cross_card_issues=无; probe_cases=KAR_028_live_01,Unlimited attacks each turn. Can't attack heroes.,每个回合攻击次数不限，但无法攻击英雄。,fireplace/cards/karazhan/collectible.py:383
17.6.0.53261,One Night in Karazhan (KARA),KAR_029,Runic Egg,符文蛋,Deathrattle|Draw / Discard,GREEN,implemented,yes,逐卡对局断言通过：KAR_029_live_01=egg=GRAVEYARD;draw=HAND;hand=['CS2_231'];hand_delta=1,card_mechanism.csv#KAR_029; generic-play-smoke:played; effect-evidence: reports/card_quality_full_2026-09-27/three_set_probe.csv#KAR_029::KAR_029_live_01; per-card: reports/card_quality_full_2026-09-27/three_set_probe.csv#KAR_029::KAR_029_live_01,聚合状态取该卡最差机制；普通烟测只证明可执行，不能单独构成 GREEN。 EN=Deathrattle: Draw a card.; ZH=亡语：抽一张牌。; source=fireplace/cards/karazhan/collectible.py:39; existing_tests=无候选既有测试引用; prior_card_audit=2 个机制缺少充分的核心效果验证；逐机制依据见 card_mechanism.csv。; prior_mechanism_audit=存在定义或元数据候选；当前没有可复查的该机制核心效果断言。 / 存在效果脚本；烟测仅验证执行和基础状态，缺少充分逐卡效果断言。; cross_card_issues=无; probe_cases=KAR_029_live_01,Deathrattle: Draw a card.,亡语：抽一张牌。,fireplace/cards/karazhan/collectible.py:39
17.6.0.53261,One Night in Karazhan (KARA),KAR_030a,Pantry Spider,橱柜蜘蛛,Battlecry|Summon,GREEN,implemented,yes,"逐卡对局断言通过：KAR_030a_live_01=body=(1, 3, 'PLAY');spider_tokens=[(1, 3, 'PLAY')]",card_mechanism.csv#KAR_030a; generic-play-smoke:played; effect-evidence: reports/card_quality_full_2026-09-27/three_set_probe.csv#KAR_030a::KAR_030a_live_01; per-card: reports/card_quality_full_2026-09-27/three_set_probe.csv#KAR_030a::KAR_030a_live_01,聚合状态取该卡最差机制；普通烟测只证明可执行，不能单独构成 GREEN。 EN=Battlecry: Summon a 1/3 Spider.; ZH=战吼：召唤一只1/3的蜘蛛。; source=fireplace/cards/karazhan/collectible.py:45; existing_tests=无候选既有测试引用; prior_card_audit=2 个机制缺少充分的核心效果验证；逐机制依据见 card_mechanism.csv。; prior_mechanism_audit=存在定义或元数据候选；当前没有可复查的该机制核心效果断言。; cross_card_issues=无; probe_cases=KAR_030a_live_01,Battlecry: Summon a 1/3 Spider.,战吼：召唤一只1/3的蜘蛛。,fireplace/cards/karazhan/collectible.py:45
17.6.0.53261,One Night in Karazhan (KARA),KAR_033,Book Wyrm,书卷之龙,Battlecry|Targeting,GREEN,implemented,yes,"逐卡对局断言通过：KAR_033_live_01=without_dragon=(1, 'PLAY', False);with_dragon=('GRAVEYARD', 'PLAY', 'PLAY', False, True);legal_targets=['CS2_231']",card_mechanism.csv#KAR_033; generic-play-smoke:played; effect-evidence: reports/card_quality_full_2026-09-27/three_set_probe.csv#KAR_033::KAR_033_live_01; per-card: reports/card_quality_full_2026-09-27/three_set_probe.csv#KAR_033::KAR_033_live_01,"聚合状态取该卡最差机制；普通烟测只证明可执行，不能单独构成 GREEN。 EN=Battlecry: If you're holding a Dragon, destroy an enemy minion with 3 or less Attack.; ZH=战吼：如果你的手牌中有龙牌，则消灭一个攻击力小于或等于3的敌方随从。; source=fireplace/cards/karazhan/collectible.py:51; existing_tests=tests/test_karazhan.py:73:test_book_wyrm | tests/test_karazhan.py:81:test_book_wyrm; prior_card_audit=2 个机制缺少充分的核心效果验证；逐机制依据见 card_mechanism.csv。; prior_mechanism_audit=存在定义或元数据候选；当前没有可复查的该机制核心效果断言。 / 缺目标与非法自身目标均在付费/移区前被拒绝；合法目标效果仍需逐卡验证。; cross_card_issues=无; probe_cases=KAR_033_live_01","Battlecry: If you're holding a Dragon, destroy an enemy minion with 3 or less Attack.",战吼：如果你的手牌中有龙牌，则消灭一个攻击力小于或等于3的敌方随从。,fireplace/cards/karazhan/collectible.py:51
17.6.0.53261,One Night in Karazhan (KARA),KAR_035,Priest of the Feast,宴会牧师,Trigger,GREEN,implemented,yes,逐卡对局断言通过：KAR_035_live_01=priest=PLAY;after_own_spell=23;after_opponent_spell=23,card_mechanism.csv#KAR_035; generic-play-smoke:played; effect-evidence: reports/card_quality_full_2026-09-27/three_set_probe.csv#KAR_035::KAR_035_live_01; per-card: reports/card_quality_full_2026-09-27/three_set_probe.csv#KAR_035::KAR_035_live_01,"聚合状态取该卡最差机制；普通烟测只证明可执行，不能单独构成 GREEN。 EN=Whenever you cast a spell, restore #3 Health to your hero.; ZH=每当你施放一个法术，为你的英雄恢复#3点生命值。; source=fireplace/cards/karazhan/collectible.py:65; existing_tests=tests/test_karazhan.py:91:test_priest_of_the_feast; prior_card_audit=1 个机制缺少充分的核心效果验证；逐机制依据见 card_mechanism.csv。; prior_mechanism_audit=存在定义或元数据候选；当前没有可复查的该机制核心效果断言。; cross_card_issues=CAST-001[semantics_pending]:效果代施放法术会结算，但不广播玩家 Play ON/AFTER；与手牌施放触发不同，规则语义待核实，暂不判定为错误。; probe_cases=KAR_035_live_01","Whenever you cast a spell, restore #3 Health to your hero.",每当你施放一个法术，为你的英雄恢复#3点生命值。,fireplace/cards/karazhan/collectible.py:65
17.6.0.53261,One Night in Karazhan (KARA),KAR_036,Arcane Anomaly,奥术畸体,Trigger,GREEN,implemented,yes,"逐卡对局断言通过：KAR_036_live_01=initial=(1, 1);after_own_spell=(2, 2);after_opponent_spell=(2, 2)",card_mechanism.csv#KAR_036; generic-play-smoke:played; effect-evidence: reports/card_quality_full_2026-09-27/three_set_probe.csv#KAR_036::KAR_036_live_01; per-card: reports/card_quality_full_2026-09-27/three_set_probe.csv#KAR_036::KAR_036_live_01,"聚合状态取该卡最差机制；普通烟测只证明可执行，不能单独构成 GREEN。 EN=Whenever you cast a spell, give this minion +1 Health.; ZH=每当你施放一个法术，该随从便获得 +1生命值。; source=fireplace/cards/karazhan/collectible.py:71; existing_tests=tests/test_karazhan.py:102:test_arcane_anomaly; prior_card_audit=1 个机制缺少充分的核心效果验证；逐机制依据见 card_mechanism.csv。; prior_mechanism_audit=存在定义或元数据候选；当前没有可复查的该机制核心效果断言。; cross_card_issues=CAST-001[semantics_pending]:效果代施放法术会结算，但不广播玩家 Play ON/AFTER；与手牌施放触发不同，规则语义待核实，暂不判定为错误。; probe_cases=KAR_036_live_01","Whenever you cast a spell, give this minion +1 Health.",每当你施放一个法术，该随从便获得 +1生命值。,fireplace/cards/karazhan/collectible.py:71
17.6.0.53261,One Night in Karazhan (KARA),KAR_037,Avian Watcher,鸟禽守护者,Battlecry,GREEN,implemented,yes,"逐卡对局断言通过：KAR_037_live_01=without_secret=(3, 6, False);with_secret=(True, 4, 7, True)",card_mechanism.csv#KAR_037; generic-play-smoke:played; effect-evidence: reports/card_quality_full_2026-09-27/three_set_probe.csv#KAR_037::KAR_037_live_01; per-card: reports/card_quality_full_2026-09-27/three_set_probe.csv#KAR_037::KAR_037_live_01,"聚合状态取该卡最差机制；普通烟测只证明可执行，不能单独构成 GREEN。 EN=Battlecry: If you control a Secret, gain +1/+1 and Taunt.; ZH=战吼：如果你控制一个奥秘，便获得+1/+1和嘲讽。; source=fireplace/cards/karazhan/collectible.py:80; existing_tests=tests/test_karazhan.py:113:test_avian_watcher | tests/test_karazhan.py:120:test_avian_watcher; prior_card_audit=1 个机制缺少充分的核心效果验证；逐机制依据见 card_mechanism.csv。; prior_mechanism_audit=存在定义或元数据候选；当前没有可复查的该机制核心效果断言。; cross_card_issues=无; probe_cases=KAR_037_live_01","Battlecry: If you control a Secret, gain +1/+1 and Taunt.",战吼：如果你控制一个奥秘，便获得+1/+1和嘲讽。,fireplace/cards/karazhan/collectible.py:80
17.6.0.53261,One Night in Karazhan (KARA),KAR_041,Moat Lurker,沟渠潜伏者,Battlecry|Deathrattle|Summon|Targeting,GREEN,implemented,yes,"逐卡对局断言通过：KAR_041_live_01=after_battlecry=('GRAVEYARD', True, 0);after_lurker_death=('GRAVEYARD', [(1, 1, 'PLAY')], 0)",card_mechanism.csv#KAR_041; generic-play-smoke:played; effect-evidence: reports/card_quality_full_2026-09-27/three_set_probe.csv#KAR_041::KAR_041_live_01; per-card: reports/card_quality_full_2026-09-27/three_set_probe.csv#KAR_041::KAR_041_live_01,聚合状态取该卡最差机制；普通烟测只证明可执行，不能单独构成 GREEN。 EN=Battlecry: Destroy a minion. Deathrattle: Resummon it.; ZH=战吼：消灭一个随从。亡语：再次召唤被消灭的随从。; source=fireplace/cards/karazhan/collectible.py:90; existing_tests=tests/test_karazhan.py:597:test_moat_lurker | tests/test_karazhan.py:602:test_moat_lurker | tests/test_karazhan.py:609:test_moat_lurker; prior_card_audit=3 个机制缺少充分的核心效果验证；逐机制依据见 card_mechanism.csv。; prior_mechanism_audit=存在定义或元数据候选；当前没有可复查的该机制核心效果断言。 / 现有行为断言验证核心亡语结果；本轮测试通过，且实际死亡结算已核对。 / 缺目标与非法自身目标均在付费/移区前被拒绝；合法目标效果仍需逐卡验证。; cross_card_issues=无; probe_cases=KAR_041_live_01,Battlecry: Destroy a minion. Deathrattle: Resummon it.,战吼：消灭一个随从。亡语：再次召唤被消灭的随从。,fireplace/cards/karazhan/collectible.py:90
17.6.0.53261,One Night in Karazhan (KARA),KAR_044,Moroes,莫罗斯,Stealth|Summon|Trigger,GREEN,implemented,yes,"逐卡对局断言通过：KAR_044_live_01=before_end=(1, ['KAR_044']);stewards=[(1, 1, 'PLAY')];moroes=PLAY；KAR_044_live_02=friendly_spell_target=True;enemy_spell_target=False;enemy_attack_target=False;moroes=PLAY;hero_health=26",card_mechanism.csv#KAR_044; generic-play-smoke:played; effect-evidence: reports/card_quality_full_2026-09-27/three_set_probe.csv#KAR_044::KAR_044_live_01; reports/card_quality_full_2026-09-27/three_set_probe.csv#KAR_044::KAR_044_live_02; per-card: reports/card_quality_full_2026-09-27/three_set_probe.csv#KAR_044::KAR_044_live_01; reports/card_quality_full_2026-09-27/three_set_probe.csv#KAR_044::KAR_044_live_02,"聚合状态取该卡最差机制；普通烟测只证明可执行，不能单独构成 GREEN。 EN=Stealth At the end of your turn, summon a 1/1 Steward.; ZH=潜行 在你的回合结束时，召唤一个1/1的 家仆。; source=fireplace/cards/karazhan/collectible.py:101; existing_tests=tests/test_karazhan.py:132:test_moroes; prior_card_audit=3 个机制缺少充分的核心效果验证；逐机制依据见 card_mechanism.csv。; prior_mechanism_audit=存在定义或元数据候选；当前没有可复查的该机制核心效果断言。; cross_card_issues=无; probe_cases=KAR_044_live_01,KAR_044_live_02","Stealth At the end of your turn, summon a 1/1 Steward.",潜行 在你的回合结束时，召唤一个1/1的 家仆。,fireplace/cards/karazhan/collectible.py:101
17.6.0.53261,One Night in Karazhan (KARA),KAR_057,Ivory Knight,象牙骑士,Battlecry|Discover / Choice|Random effects,GREEN,implemented,yes,"逐卡对局断言通过：KAR_057_live_01=12_seeded_paladin_discover_choices_and_heals=[(0, ['FP1_020', 'BT_024', 'BT_011'], 'FP1_020', 1, 11), (1, ['FP1_020', 'BT_024', 'GIL_903'], 'FP1_020', 1, 11), (2, ['BOT_234', 'OG_223', 'TRL_302'], 'BOT_234', 5, 15), (3, ['OG_311', 'EX1_136', 'UNG_952'], 'OG_311', 2, 12), (4, ['DRG_258', 'UNG_004', 'CFM_305'], 'DRG_258', 2, 12), (5, ['BOT_234', 'BOT_909', 'EX1_371'], 'BOT_234', 5, 15), (6, ['CS2_087', 'TRL_302', 'CS2_089'], 'CS2_087', 1, 11), (7, ['UNG_952', 'UNG_004', 'ICC_244'], 'UNG_952', 6, 16), (8, ['EX1_349', 'KAR_077', 'ULD_716'], 'EX1_349', 3, 13), (9, ['DRG_008', 'CFM_800', 'EX1_363'], 'DRG_008', 1, 11), (10, ['UNG_952', 'EX1_354', 'DRG_233'], 'UNG_952', 6, 16), (11, ['DAL_731', 'KAR_077', 'OG_198'], 'DAL_731', 5, 15)]",card_mechanism.csv#KAR_057; generic-play-smoke:played; effect-evidence: reports/card_quality_full_2026-09-27/three_set_probe.csv#KAR_057::KAR_057_live_01; per-card: reports/card_quality_full_2026-09-27/three_set_probe.csv#KAR_057::KAR_057_live_01,聚合状态取该卡最差机制；普通烟测只证明可执行，不能单独构成 GREEN。 EN=[x]Battlecry: Discover a spell. Restore Health to your hero equal to its Cost.; ZH=战吼：发现一张法术牌。为你的英雄恢复等同于其法力值消耗的生命值。; source=fireplace/cards/karazhan/collectible.py:107; existing_tests=tests/test_karazhan.py:616:test_ivory_knight; prior_card_audit=3 个机制缺少充分的核心效果验证；逐机制依据见 card_mechanism.csv。; prior_mechanism_audit=存在定义或元数据候选；当前没有可复查的该机制核心效果断言。; cross_card_issues=无; probe_cases=KAR_057_live_01,[x]Battlecry: Discover a spell. Restore Health to your hero equal to its Cost.,战吼：发现一张法术牌。为你的英雄恢复等同于其法力值消耗的生命值。,fireplace/cards/karazhan/collectible.py:107
17.6.0.53261,One Night in Karazhan (KARA),KAR_061,The Curator,馆长,Battlecry|Draw / Discard|Taunt,GREEN,implemented,yes,"逐卡对局断言通过：KAR_061_live_01=drawn_murloc_dragon_beast=(True, True, True);curator=(True, 1, 3, 0);hand=['PRO_001at', 'ds1_whelptoken', 'GVG_092t']",card_mechanism.csv#KAR_061; generic-play-smoke:played; effect-evidence: reports/card_quality_full_2026-09-27/three_set_probe.csv#KAR_061::KAR_061_live_01; per-card: reports/card_quality_full_2026-09-27/three_set_probe.csv#KAR_061::KAR_061_live_01,"聚合状态取该卡最差机制；普通烟测只证明可执行，不能单独构成 GREEN。 EN=Taunt Battlecry: Draw a Beast, Dragon, and Murloc from your deck.; ZH=嘲讽，战吼：从你的牌库中抽一张野兽牌、龙牌和鱼人牌。; source=fireplace/cards/karazhan/collectible.py:115; existing_tests=tests/test_karazhan.py:148:test_the_curator | tests/test_karazhan.py:157:test_the_curator; prior_card_audit=3 个机制缺少充分的核心效果验证；逐机制依据见 card_mechanism.csv。; prior_mechanism_audit=存在定义或元数据候选；当前没有可复查的该机制核心效果断言。; cross_card_issues=无; probe_cases=KAR_061_live_01","Taunt Battlecry: Draw a Beast, Dragon, and Murloc from your deck.",嘲讽，战吼：从你的牌库中抽一张野兽牌、龙牌和鱼人牌。,fireplace/cards/karazhan/collectible.py:115
17.6.0.53261,One Night in Karazhan (KARA),KAR_062,Netherspite Historian,虚空幽龙史学家,Battlecry|Discover / Choice|Random effects,GREEN,implemented,yes,"逐卡对局断言通过：KAR_062_live_01=without_dragon=(True, None);held_dragon=HAND;options=[('CFM_605', 4, True), ('ICC_027', 4, True), ('OG_320', 4, True)];after_choice=(None, True, True, True)",card_mechanism.csv#KAR_062; generic-play-smoke:played; effect-evidence: reports/card_quality_full_2026-09-27/three_set_probe.csv#KAR_062::KAR_062_live_01; per-card: reports/card_quality_full_2026-09-27/three_set_probe.csv#KAR_062::KAR_062_live_01,"聚合状态取该卡最差机制；普通烟测只证明可执行，不能单独构成 GREEN。 EN=Battlecry: If you're holding a Dragon, Discover a Dragon.; ZH=战吼：如果你的手牌中有龙牌，便发现一张龙牌。; source=fireplace/cards/karazhan/collectible.py:125; existing_tests=tests/test_karazhan.py:166:test_netherspite_historian | tests/test_karazhan.py:172:test_netherspite_historian; prior_card_audit=3 个机制缺少充分的核心效果验证；逐机制依据见 card_mechanism.csv。; prior_mechanism_audit=存在定义或元数据候选；当前没有可复查的该机制核心效果断言。; cross_card_issues=无; probe_cases=KAR_062_live_01","Battlecry: If you're holding a Dragon, Discover a Dragon.",战吼：如果你的手牌中有龙牌，便发现一张龙牌。,fireplace/cards/karazhan/collectible.py:125
17.6.0.53261,One Night in Karazhan (KARA),KAR_063,Spirit Claws,幽灵之爪,Continuous effect / Update|Spell Damage|Weapon,GREEN,implemented,yes,逐卡对局断言通过：KAR_063_live_01=weapon=KAR_063;base=1;enemy_spellpower=1;friendly_spellpower=3;after_friendly_death=1;enemy_stays=PLAY,card_mechanism.csv#KAR_063; generic-play-smoke:played; effect-evidence: reports/card_quality_full_2026-09-27/three_set_probe.csv#KAR_063::KAR_063_live_01; per-card: reports/card_quality_full_2026-09-27/three_set_probe.csv#KAR_063::KAR_063_live_01,聚合状态取该卡最差机制；普通烟测只证明可执行，不能单独构成 GREEN。 EN=[x]Has +2 Attack while you have Spell Damage.; ZH=当你拥有法术伤害时，获得 +2攻击力。; source=fireplace/cards/karazhan/collectible.py:395; existing_tests=tests/test_karazhan.py:586:test_spirit_claws; prior_card_audit=3 个机制缺少充分的核心效果验证；逐机制依据见 card_mechanism.csv。; prior_mechanism_audit=存在定义或元数据候选；当前没有可复查的该机制核心效果断言。; cross_card_issues=无; probe_cases=KAR_063_live_01,[x]Has +2 Attack while you have Spell Damage.,当你拥有法术伤害时，获得 +2攻击力。,fireplace/cards/karazhan/collectible.py:395
17.6.0.53261,One Night in Karazhan (KARA),KAR_065,Menagerie Warden,展览馆守卫,Battlecry|Summon|Targeting,GREEN,implemented,yes,"逐卡对局断言通过：KAR_065_live_01=friendly_before=('GVG_092t', 3, 3, True);enemy_target_legal=False;copy=[(3, 3, 3, True, 'PLAY')];field=['GVG_092t', 'KAR_065', 'GVG_092t']",card_mechanism.csv#KAR_065; generic-play-smoke:played; effect-evidence: reports/card_quality_full_2026-09-27/three_set_probe.csv#KAR_065::KAR_065_live_01; per-card: reports/card_quality_full_2026-09-27/three_set_probe.csv#KAR_065::KAR_065_live_01,聚合状态取该卡最差机制；普通烟测只证明可执行，不能单独构成 GREEN。 EN=Battlecry: Choose a friendly Beast. Summon a copy of it.; ZH=战吼：选择一个友方野兽，召唤一个它的复制。; source=fireplace/cards/karazhan/collectible.py:132; existing_tests=tests/test_karazhan.py:184:test_menagerie_warden | tests/test_karazhan.py:193:test_menagerie_warden; prior_card_audit=3 个机制缺少充分的核心效果验证；逐机制依据见 card_mechanism.csv。; prior_mechanism_audit=存在定义或元数据候选；当前没有可复查的该机制核心效果断言。; cross_card_issues=无; probe_cases=KAR_065_live_01,Battlecry: Choose a friendly Beast. Summon a copy of it.,战吼：选择一个友方野兽，召唤一个它的复制。,fireplace/cards/karazhan/collectible.py:132
17.6.0.53261,One Night in Karazhan (KARA),KAR_069,Swashburglar,吹嘘海盗,Battlecry|Random effects,GREEN,implemented,yes,"逐卡对局断言通过：KAR_069_live_01=12_seeds_opponent_class_cards=[('EX1_191', 'ROGUE', ['ROGUE']), ('TRL_092', 'ROGUE', ['ROGUE']), ('BOT_509', 'PRIEST', ['PRIEST']), ('EX1_134', 'ROGUE', ['ROGUE']), ('TRL_502', 'PRIEST', ['PRIEST']), ('DAL_729', 'PRIEST', ['PRIEST']), ('GIL_837', 'PRIEST', ['PRIEST']), ('CS2_003', 'PRIEST', ['PRIEST']), ('EX1_196', 'PRIEST', ['PRIEST']), ('CS2_075', 'ROGUE', ['ROGUE']), ('TRL_124', 'ROGUE', ['ROGUE']), ('TRL_260', 'PRIEST', ['PRIEST'])];distinct=12",card_mechanism.csv#KAR_069; generic-play-smoke:played; effect-evidence: reports/card_quality_full_2026-09-27/three_set_probe.csv#KAR_069::KAR_069_live_01; per-card: reports/card_quality_full_2026-09-27/three_set_probe.csv#KAR_069::KAR_069_live_01,聚合状态取该卡最差机制；普通烟测只证明可执行，不能单独构成 GREEN。 EN=Battlecry: Add a random card to your hand (from your opponent's class).; ZH=战吼：随机将一张（你对手职业的）卡牌置入你的手牌。; source=fireplace/cards/karazhan/collectible.py:145; existing_tests=tests/test_karazhan.py:216:test_swashburglar; prior_card_audit=2 个机制缺少充分的核心效果验证；逐机制依据见 card_mechanism.csv。; prior_mechanism_audit=存在定义或元数据候选；当前没有可复查的该机制核心效果断言。; cross_card_issues=无; probe_cases=KAR_069_live_01,Battlecry: Add a random card to your hand (from your opponent's class).,战吼：随机将一张（你对手职业的）卡牌置入你的手牌。,fireplace/cards/karazhan/collectible.py:145
17.6.0.53261,One Night in Karazhan (KARA),KAR_070,Ethereal Peddler,虚灵商人,Battlecry,GREEN,implemented,yes,"逐卡对局断言通过：KAR_070_live_01=hero_class=ROGUE;before_offclass1_offclass2_own_neutral=(10, 3, 2, 0);after=(8, 1, 2, 0);peddler=PLAY",card_mechanism.csv#KAR_070; generic-play-smoke:played; effect-evidence: reports/card_quality_full_2026-09-27/three_set_probe.csv#KAR_070::KAR_070_live_01; per-card: reports/card_quality_full_2026-09-27/three_set_probe.csv#KAR_070::KAR_070_live_01,"聚合状态取该卡最差机制；普通烟测只证明可执行，不能单独构成 GREEN。 EN=Battlecry: If you're holding any cards from another class, reduce their Cost by (2).; ZH=战吼：如果你的手牌中有其他职业的卡牌，则其法力值消耗减少（2）点。; source=fireplace/cards/karazhan/collectible.py:151; existing_tests=tests/test_karazhan.py:232:test_ethereal_peddler | tests/test_karazhan.py:242:test_ethereal_peddler; prior_card_audit=1 个机制缺少充分的核心效果验证；逐机制依据见 card_mechanism.csv。; prior_mechanism_audit=存在定义或元数据候选；当前没有可复查的该机制核心效果断言。; cross_card_issues=无; probe_cases=KAR_070_live_01","Battlecry: If you're holding any cards from another class, reduce their Cost by (2).",战吼：如果你的手牌中有其他职业的卡牌，则其法力值消耗减少（2）点。,fireplace/cards/karazhan/collectible.py:151
17.6.0.53261,One Night in Karazhan (KARA),KAR_073,Maelstrom Portal,大漩涡传送门,Random effects|Spell resolution|Summon,GREEN,implemented,yes,"逐卡对局断言通过：KAR_073_live_01=friendly_health=1;two_enemies=[(5, 'PLAY'), (5, 'PLAY')];heroes=(30, 30)->(30, 30);portal_summon=[('BT_142', 1, 'PLAY')];spell=GRAVEYARD",card_mechanism.csv#KAR_073; generic-play-smoke:played; effect-evidence: reports/card_quality_full_2026-09-27/three_set_probe.csv#KAR_073::KAR_073_live_01; per-card: reports/card_quality_full_2026-09-27/three_set_probe.csv#KAR_073::KAR_073_live_01,聚合状态取该卡最差机制；普通烟测只证明可执行，不能单独构成 GREEN。 EN=Deal $1 damage to all enemy minions. Summon a random 1-Cost minion.; ZH=对所有敌方随从造成$1点伤害。随机召唤一个法力值消耗为（1）的随从。; source=fireplace/cards/karazhan/collectible.py:343; existing_tests=tests/test_karazhan.py:496:test_maelstrom_portal; prior_card_audit=3 个机制缺少充分的核心效果验证；逐机制依据见 card_mechanism.csv。; prior_mechanism_audit=存在定义或元数据候选；当前没有可复查的该机制核心效果断言。; cross_card_issues=无; probe_cases=KAR_073_live_01,Deal $1 damage to all enemy minions. Summon a random 1-Cost minion.,对所有敌方随从造成$1点伤害。随机召唤一个法力值消耗为（1）的随从。,fireplace/cards/karazhan/collectible.py:343
17.6.0.53261,One Night in Karazhan (KARA),KAR_075,Moonglade Portal,月光林地传送门,Random effects|Spell resolution|Summon|Targeting,GREEN,implemented,yes,"逐卡对局断言通过：KAR_075_live_01=hero_health=26;summoned=[('BOT_422', 6, 'PLAY')];spell=GRAVEYARD",card_mechanism.csv#KAR_075; generic-play-smoke:played; effect-evidence: reports/card_quality_full_2026-09-27/three_set_probe.csv#KAR_075::KAR_075_live_01; per-card: reports/card_quality_full_2026-09-27/three_set_probe.csv#KAR_075::KAR_075_live_01,聚合状态取该卡最差机制；普通烟测只证明可执行，不能单独构成 GREEN。 EN=Restore #6 Health. Summon a random 6-Cost minion.; ZH=恢复#6点生命值。随机召唤一个法力值消耗为（6）的 随从。; source=fireplace/cards/karazhan/collectible.py:349; existing_tests=tests/test_karazhan.py:508:test_moonglade_portal; prior_card_audit=4 个机制缺少充分的核心效果验证；逐机制依据见 card_mechanism.csv。; prior_mechanism_audit=存在定义或元数据候选；当前没有可复查的该机制核心效果断言。 / 缺目标与非法自身目标均在付费/移区前被拒绝；合法目标效果仍需逐卡验证。; cross_card_issues=无; probe_cases=KAR_075_live_01,Restore #6 Health. Summon a random 6-Cost minion.,恢复#6点生命值。随机召唤一个法力值消耗为（6）的 随从。,fireplace/cards/karazhan/collectible.py:349
17.6.0.53261,One Night in Karazhan (KARA),KAR_076,Firelands Portal,火焰之地传送门,Random effects|Spell resolution|Summon|Targeting,GREEN,implemented,yes,"逐卡对局断言通过：KAR_076_live_01=target_health=5;target_zone=PLAY;summoned=[('TRL_409', 5, 'PLAY')];spell=GRAVEYARD",card_mechanism.csv#KAR_076; generic-play-smoke:played; effect-evidence: reports/card_quality_full_2026-09-27/three_set_probe.csv#KAR_076::KAR_076_live_01; per-card: reports/card_quality_full_2026-09-27/three_set_probe.csv#KAR_076::KAR_076_live_01,聚合状态取该卡最差机制；普通烟测只证明可执行，不能单独构成 GREEN。 EN=Deal $5 damage. Summon a random 5-Cost minion.; ZH=造成$5点伤害。随机召唤一个法力值消耗为（5）的随从。; source=fireplace/cards/karazhan/collectible.py:356; existing_tests=tests/test_karazhan.py:518:test_firelands_portal; prior_card_audit=4 个机制缺少充分的核心效果验证；逐机制依据见 card_mechanism.csv。; prior_mechanism_audit=存在定义或元数据候选；当前没有可复查的该机制核心效果断言。 / 缺目标与非法自身目标均在付费/移区前被拒绝；合法目标效果仍需逐卡验证。; cross_card_issues=无; probe_cases=KAR_076_live_01,Deal $5 damage. Summon a random 5-Cost minion.,造成$5点伤害。随机召唤一个法力值消耗为（5）的随从。,fireplace/cards/karazhan/collectible.py:356
17.6.0.53261,One Night in Karazhan (KARA),KAR_077,Silvermoon Portal,银月城传送门,Random effects|Spell resolution|Summon|Targeting,GREEN,implemented,yes,"逐卡对局断言通过：KAR_077_live_01=target=(3, 3, 3);summoned=[('BT_188', 2, 'PLAY')];spell=GRAVEYARD",card_mechanism.csv#KAR_077; generic-play-smoke:played; effect-evidence: reports/card_quality_full_2026-09-27/three_set_probe.csv#KAR_077::KAR_077_live_01; per-card: reports/card_quality_full_2026-09-27/three_set_probe.csv#KAR_077::KAR_077_live_01,聚合状态取该卡最差机制；普通烟测只证明可执行，不能单独构成 GREEN。 EN=Give a minion +2/+2. Summon a random 2-Cost minion.; ZH=使一个随从获得+2/+2。随机召唤一个法力值消耗为（2）的随从。; source=fireplace/cards/karazhan/collectible.py:363; existing_tests=tests/test_karazhan.py:526:test_silvermoon_portal; prior_card_audit=4 个机制缺少充分的核心效果验证；逐机制依据见 card_mechanism.csv。; prior_mechanism_audit=存在定义或元数据候选；当前没有可复查的该机制核心效果断言。 / 缺目标与非法自身目标均在付费/移区前被拒绝；合法目标效果仍需逐卡验证。; cross_card_issues=无; probe_cases=KAR_077_live_01,Give a minion +2/+2. Summon a random 2-Cost minion.,使一个随从获得+2/+2。随机召唤一个法力值消耗为（2）的随从。,fireplace/cards/karazhan/collectible.py:363
17.6.0.53261,One Night in Karazhan (KARA),KAR_089,Malchezaar's Imp,玛克扎尔的小鬼,Draw / Discard|Trigger,GREEN,implemented,yes,"逐卡对局断言通过：KAR_089_live_01=hand_before=['CS2_231', 'EX1_308'];discarded=REMOVEDFROMGAME;drawn=HAND;hand_after=['CS2_182'];soulfire=GRAVEYARD;imp_play=True",card_mechanism.csv#KAR_089; generic-play-smoke:played; effect-evidence: reports/card_quality_full_2026-09-27/three_set_probe.csv#KAR_089::KAR_089_live_01; per-card: reports/card_quality_full_2026-09-27/three_set_probe.csv#KAR_089::KAR_089_live_01,"聚合状态取该卡最差机制；普通烟测只证明可执行，不能单独构成 GREEN。 EN=Whenever you discard a card, draw a card.; ZH=每当你弃掉一张牌时，抽一张牌。; source=fireplace/cards/karazhan/collectible.py:167; existing_tests=tests/test_karazhan.py:250:test_malchezaars_imp | tests/test_karazhan.py:262:test_malchezaars_imp; prior_card_audit=2 个机制缺少充分的核心效果验证；逐机制依据见 card_mechanism.csv。; prior_mechanism_audit=存在定义或元数据候选；当前没有可复查的该机制核心效果断言。; cross_card_issues=无; probe_cases=KAR_089_live_01","Whenever you discard a card, draw a card.",每当你弃掉一张牌时，抽一张牌。,fireplace/cards/karazhan/collectible.py:167
17.6.0.53261,One Night in Karazhan (KARA),KAR_091,Ironforge Portal,铁炉堡传送门,Random effects|Spell resolution|Summon,GREEN,implemented,yes,"逐卡对局断言通过：KAR_091_live_01=armor=4;summoned=[('BT_123', 4, 'PLAY')];spell=GRAVEYARD",card_mechanism.csv#KAR_091; generic-play-smoke:played; effect-evidence: reports/card_quality_full_2026-09-27/three_set_probe.csv#KAR_091::KAR_091_live_01; per-card: reports/card_quality_full_2026-09-27/three_set_probe.csv#KAR_091::KAR_091_live_01,聚合状态取该卡最差机制；普通烟测只证明可执行，不能单独构成 GREEN。 EN=Gain 4 Armor. Summon a random 4-Cost minion.; ZH=获得4点护甲值。随机召唤一个法力值消耗为（4）的 随从。; source=fireplace/cards/karazhan/collectible.py:373; existing_tests=tests/test_karazhan.py:547:test_ironforge_portal; prior_card_audit=3 个机制缺少充分的核心效果验证；逐机制依据见 card_mechanism.csv。; prior_mechanism_audit=存在定义或元数据候选；当前没有可复查的该机制核心效果断言。; cross_card_issues=无; probe_cases=KAR_091_live_01,Gain 4 Armor. Summon a random 4-Cost minion.,获得4点护甲值。随机召唤一个法力值消耗为（4）的 随从。,fireplace/cards/karazhan/collectible.py:373
17.6.0.53261,One Night in Karazhan (KARA),KAR_092,Medivh's Valet,麦迪文的男仆,Battlecry|Targeting,GREEN,implemented,yes,"逐卡对局断言通过：KAR_092_live_01=without_secret=(30, True);with_secret=(True, 27, 'PLAY', True, True)",card_mechanism.csv#KAR_092; generic-play-smoke:played; effect-evidence: reports/card_quality_full_2026-09-27/three_set_probe.csv#KAR_092::KAR_092_live_01; per-card: reports/card_quality_full_2026-09-27/three_set_probe.csv#KAR_092::KAR_092_live_01,"聚合状态取该卡最差机制；普通烟测只证明可执行，不能单独构成 GREEN。 EN=Battlecry: If you control a Secret, deal 3 damage.; ZH=战吼： 如果你控制一个奥秘，则造成3点伤害。; source=fireplace/cards/karazhan/collectible.py:173; existing_tests=tests/test_karazhan.py:283:test_medivhs_valet | tests/test_karazhan.py:287:test_medivhs_valet; prior_card_audit=2 个机制缺少充分的核心效果验证；逐机制依据见 card_mechanism.csv。; prior_mechanism_audit=存在定义或元数据候选；当前没有可复查的该机制核心效果断言。; cross_card_issues=无; probe_cases=KAR_092_live_01","Battlecry: If you control a Secret, deal 3 damage.",战吼： 如果你控制一个奥秘，则造成3点伤害。,fireplace/cards/karazhan/collectible.py:173
17.6.0.53261,One Night in Karazhan (KARA),KAR_094,Deadly Fork,致命餐叉,Deathrattle,GREEN,implemented,yes,当前列出的机制均有对应场景的效果断言；结论限于已识别标签与复现范围。,"card_mechanism.csv#KAR_094; generic-play-smoke:played; effect-evidence: fireplace/cards/CardDefs.xml#KAR_094; fireplace/cards/karazhan/collectible.py:181; tests/test_karazhan.py:295:test_deadly_fork; smoke:death_processed:pass; delta={""friendly_field"":{""before"":[""KAR_094""],""after"":[]},""friendly_hand"":{""before"":0,""after"":1},""friendly_graveyard"":{""before"":[],""after"":[""KAR_094""]}}",聚合状态取该卡最差机制；普通烟测只证明可执行，不能单独构成 GREEN。,Deathrattle: Add a 3/2 weapon to your hand.,亡语：将一张3/2的武器牌置入你的手牌。,fireplace/cards/karazhan/collectible.py:181
17.6.0.53261,One Night in Karazhan (KARA),KAR_095,Zoobot,机械动物管理员,Battlecry|Random effects,GREEN,implemented,yes,"逐卡对局断言通过：KAR_095_live_01=before=[(1, 1), (1, 1), (1, 1), (1, 1)];after=[(2, 2), (2, 2), (2, 2), (1, 1)];zoobot=PLAY",card_mechanism.csv#KAR_095; generic-play-smoke:played; effect-evidence: reports/card_quality_full_2026-09-27/three_set_probe.csv#KAR_095::KAR_095_live_01; per-card: reports/card_quality_full_2026-09-27/three_set_probe.csv#KAR_095::KAR_095_live_01,"聚合状态取该卡最差机制；普通烟测只证明可执行，不能单独构成 GREEN。 EN=Battlecry: Give a random friendly Beast, Dragon, and Murloc +1/+1.; ZH=战吼：随机使一个友方野兽，龙和鱼人获得+1/+1。; source=fireplace/cards/karazhan/collectible.py:187; existing_tests=tests/test_karazhan.py:309:test_zoobot; prior_card_audit=2 个机制缺少充分的核心效果验证；逐机制依据见 card_mechanism.csv。; prior_mechanism_audit=存在定义或元数据候选；当前没有可复查的该机制核心效果断言。; cross_card_issues=无; probe_cases=KAR_095_live_01","Battlecry: Give a random friendly Beast, Dragon, and Murloc +1/+1.",战吼：随机使一个友方野兽，龙和鱼人获得+1/+1。,fireplace/cards/karazhan/collectible.py:187
17.6.0.53261,One Night in Karazhan (KARA),KAR_096,Prince Malchezaar,玛克扎尔王子,Random effects|Trigger,GREEN,implemented,yes,"逐卡对局断言通过：KAR_096_live_01=deck_plus_hand=35;prince_count=1;legendary_count=14;legendary_ids=[('CFM_670', 'LEGENDARY'), ('FP1_013', 'LEGENDARY'), ('DAL_070', 'LEGENDARY'), ('ULD_003', 'LEGENDARY'), ('DAL_558', 'LEGENDARY'), ('DAL_575', 'LEGENDARY'), ('LOOT_357', 'LEGENDARY'), ('GIL_198', 'LEGENDARY'), ('DRG_089', 'LEGENDARY'), ('ICC_851', 'LEGENDARY'), ('KAR_044', 'LEGENDARY'), ('KAR_096', 'LEGENDARY'), ('GVG_021', 'LEGENDARY'), ('BRM_028', 'LEGENDARY')]",card_mechanism.csv#KAR_096; generic-play-smoke:played; effect-evidence: reports/card_quality_full_2026-09-27/three_set_probe.csv#KAR_096::KAR_096_live_01; per-card: reports/card_quality_full_2026-09-27/three_set_probe.csv#KAR_096::KAR_096_live_01,聚合状态取该卡最差机制；普通烟测只证明可执行，不能单独构成 GREEN。 EN=[x]Start of Game: Add 5 extra Legendary minions to your deck.; ZH=对战开始时：额外将五张传说随从牌置入你的牌库。; source=fireplace/cards/karazhan/collectible.py:205; existing_tests=tests/test_karazhan.py:632:test_prince_malchezaar; prior_card_audit=2 个机制缺少充分的核心效果验证；逐机制依据见 card_mechanism.csv。; prior_mechanism_audit=存在定义或元数据候选；当前没有可复查的该机制核心效果断言。; cross_card_issues=无; probe_cases=KAR_096_live_01,[x]Start of Game: Add 5 extra Legendary minions to your deck.,对战开始时：额外将五张传说随从牌置入你的牌库。,fireplace/cards/karazhan/collectible.py:205
17.6.0.53261,One Night in Karazhan (KARA),KAR_097,"Medivh, the Guardian",守护者麦迪文,Battlecry|Summon,GREEN,implemented,yes,"逐卡对局断言通过：KAR_097_live_01=weapon_before=('KAR_097t', 3);weapon_after=('KAR_097t', 2);spell_summon=[('BT_123', 4, 'PLAY')];enemy_health=24;spell=GRAVEYARD",card_mechanism.csv#KAR_097; generic-play-smoke:played; effect-evidence: reports/card_quality_full_2026-09-27/three_set_probe.csv#KAR_097::KAR_097_live_01; per-card: reports/card_quality_full_2026-09-27/three_set_probe.csv#KAR_097::KAR_097_live_01,"聚合状态取该卡最差机制；普通烟测只证明可执行，不能单独构成 GREEN。 EN=Battlecry: Equip Atiesh, Greatstaff of the Guardian.; ZH=战吼： 装备埃提耶什，守护者的传说之杖。; source=fireplace/cards/karazhan/collectible.py:225; existing_tests=tests/test_karazhan.py:329:test_medivh; prior_card_audit=2 个机制缺少充分的核心效果验证；逐机制依据见 card_mechanism.csv。; prior_mechanism_audit=存在定义或元数据候选；当前没有可复查的该机制核心效果断言。; cross_card_issues=无; probe_cases=KAR_097_live_01","Battlecry: Equip Atiesh, Greatstaff of the Guardian.",战吼： 装备埃提耶什，守护者的传说之杖。,fireplace/cards/karazhan/collectible.py:225
17.6.0.53261,One Night in Karazhan (KARA),KAR_114,Barnes,巴内斯,Battlecry|Random effects|Summon,GREEN,implemented,yes,"逐卡对局断言通过：KAR_114_live_01=original=DECK;nonminion=DECK;barnes=PLAY;copy=[(1, 1, 1, 'PLAY')];deck=['CS2_008', 'CS2_142']",card_mechanism.csv#KAR_114; generic-play-smoke:played; effect-evidence: reports/card_quality_full_2026-09-27/three_set_probe.csv#KAR_114::KAR_114_live_01; per-card: reports/card_quality_full_2026-09-27/three_set_probe.csv#KAR_114::KAR_114_live_01,聚合状态取该卡最差机制；普通烟测只证明可执行，不能单独构成 GREEN。 EN=Battlecry: Summon a 1/1 copy of a random minion in your deck.; ZH=战吼：随机挑选你牌库里的一个随从，召唤一个1/1的复制。; source=fireplace/cards/karazhan/collectible.py:238; existing_tests=tests/test_karazhan.py:360:test_barnes; prior_card_audit=3 个机制缺少充分的核心效果验证；逐机制依据见 card_mechanism.csv。; prior_mechanism_audit=存在定义或元数据候选；当前没有可复查的该机制核心效果断言。; cross_card_issues=无; probe_cases=KAR_114_live_01,Battlecry: Summon a 1/1 copy of a random minion in your deck.,战吼：随机挑选你牌库里的一个随从，召唤一个1/1的复制。,fireplace/cards/karazhan/collectible.py:238
17.6.0.53261,One Night in Karazhan (KARA),KAR_204,Onyx Bishop,玛瑙主教,Battlecry|Summon,GREEN,implemented,yes,"逐卡对局断言通过：KAR_204_live_01=dead_card_zone=GRAVEYARD;bishop=PLAY;revived=[(1, 1, 'PLAY')];board=['KAR_204', 'CS2_231']",card_mechanism.csv#KAR_204; generic-play-smoke:played; effect-evidence: reports/card_quality_full_2026-09-27/three_set_probe.csv#KAR_204::KAR_204_live_01; per-card: reports/card_quality_full_2026-09-27/three_set_probe.csv#KAR_204::KAR_204_live_01,聚合状态取该卡最差机制；普通烟测只证明可执行，不能单独构成 GREEN。 EN=Battlecry: Summon a friendly minion that died this game.; ZH=战吼：召唤一个在本局对战中死亡的友方随从。; source=fireplace/cards/karazhan/collectible.py:251; existing_tests=tests/test_karazhan.py:381:test_onyx_bishop; prior_card_audit=2 个机制缺少充分的核心效果验证；逐机制依据见 card_mechanism.csv。; prior_mechanism_audit=存在定义或元数据候选；当前没有可复查的该机制核心效果断言。; cross_card_issues=无; probe_cases=KAR_204_live_01,Battlecry: Summon a friendly minion that died this game.,战吼：召唤一个在本局对战中死亡的友方随从。,fireplace/cards/karazhan/collectible.py:251
17.6.0.53261,One Night in Karazhan (KARA),KAR_205,Silverware Golem,镀银魔像,Draw / Discard|Summon,GREEN,implemented,yes,"逐卡对局断言通过：KAR_205_live_01=original_zone=REMOVEDFROMGAME;soulfire=GRAVEYARD;golem_on_board=[(3, 3, 'PLAY')];hand=[]",card_mechanism.csv#KAR_205; generic-play-smoke:played; effect-evidence: reports/card_quality_full_2026-09-27/three_set_probe.csv#KAR_205::KAR_205_live_01; per-card: reports/card_quality_full_2026-09-27/three_set_probe.csv#KAR_205::KAR_205_live_01,"聚合状态取该卡最差机制；普通烟测只证明可执行，不能单独构成 GREEN。 EN=If you discard this minion, summon it.; ZH=如果你弃掉了这张随从牌，则会召唤它。; source=fireplace/cards/karazhan/collectible.py:257; existing_tests=tests/test_karazhan.py:639:test_silverware_golem | tests/test_karazhan.py:641:test_silverware_golem; prior_card_audit=2 个机制缺少充分的核心效果验证；逐机制依据见 card_mechanism.csv。; prior_mechanism_audit=存在定义或元数据候选；当前没有可复查的该机制核心效果断言。; cross_card_issues=无; probe_cases=KAR_205_live_01","If you discard this minion, summon it.",如果你弃掉了这张随从牌，则会召唤它。,fireplace/cards/karazhan/collectible.py:257
17.6.0.53261,One Night in Karazhan (KARA),KAR_300,Enchanted Raven,魔法乌鸦,Vanilla,GREEN,implemented,yes,当前列出的机制均有对应场景的效果断言；结论限于已识别标签与复现范围。,card_mechanism.csv#KAR_300; generic-play-smoke:played; effect-evidence: reports/card_quality_full_2026-09-27/vanilla_runtime_probe.csv#entry_KAR_300,聚合状态取该卡最差机制；普通烟测只证明可执行，不能单独构成 GREEN。,,,
17.6.0.53261,One Night in Karazhan (KARA),KAR_702,Menagerie Magician,展览馆法师,Battlecry|Random effects,GREEN,implemented,yes,"逐卡对局断言通过：KAR_702_live_01=tribal_friendly_enemy_stats=[(3, 3), (3, 3), (3, 3), (1, 1)];magician=PLAY",card_mechanism.csv#KAR_702; generic-play-smoke:played; effect-evidence: reports/card_quality_full_2026-09-27/three_set_probe.csv#KAR_702::KAR_702_live_01; per-card: reports/card_quality_full_2026-09-27/three_set_probe.csv#KAR_702::KAR_702_live_01,"聚合状态取该卡最差机制；普通烟测只证明可执行，不能单独构成 GREEN。 EN=Battlecry: Give a random friendly Beast, Dragon, and Murloc +2/+2.; ZH=战吼：随机使一个友方野兽，龙和鱼人获得+2/+2。; source=fireplace/cards/karazhan/collectible.py:263; existing_tests=tests/test_karazhan.py:389:test_menagerie_magician | tests/test_replay.py:170:test_normalized_state_does_not_consume_game_rng | tests/test_replay.py:171:test_normalized_state_does_not_consume_game_rng; prior_card_audit=2 个机制缺少充分的核心效果验证；逐机制依据见 card_mechanism.csv。; prior_mechanism_audit=存在定义或元数据候选；当前没有可复查的该机制核心效果断言。; cross_card_issues=无; probe_cases=KAR_702_live_01","Battlecry: Give a random friendly Beast, Dragon, and Murloc +2/+2.",战吼：随机使一个友方野兽，龙和鱼人获得+2/+2。,fireplace/cards/karazhan/collectible.py:263
17.6.0.53261,One Night in Karazhan (KARA),KAR_710,Arcanosmith,奥能铁匠,Battlecry|Summon,GREEN,implemented,yes,"逐卡对局断言通过：KAR_710_live_01=smith=(3, 2, 'PLAY');token=[(0, 5, 5, 1, 'PLAY')]",card_mechanism.csv#KAR_710; generic-play-smoke:played; effect-evidence: reports/card_quality_full_2026-09-27/three_set_probe.csv#KAR_710::KAR_710_live_01; per-card: reports/card_quality_full_2026-09-27/three_set_probe.csv#KAR_710::KAR_710_live_01,聚合状态取该卡最差机制；普通烟测只证明可执行，不能单独构成 GREEN。 EN=Battlecry: Summon a 0/5 minion with Taunt.; ZH=战吼：召唤一个0/5并具有嘲讽的随从。; source=fireplace/cards/karazhan/collectible.py:281; existing_tests=tests/test_karazhan.py:409:test_arcanosmith; prior_card_audit=2 个机制缺少充分的核心效果验证；逐机制依据见 card_mechanism.csv。; prior_mechanism_audit=存在定义或元数据候选；当前没有可复查的该机制核心效果断言。; cross_card_issues=无; probe_cases=KAR_710_live_01,Battlecry: Summon a 0/5 minion with Taunt.,战吼：召唤一个0/5并具有嘲讽的随从。,fireplace/cards/karazhan/collectible.py:281
17.6.0.53261,One Night in Karazhan (KARA),KAR_711,Arcane Giant,奥术巨人,Cost modification,GREEN,implemented,yes,逐卡对局断言通过：KAR_711_live_01=cost_initial=12;after_coin=11;after_own_moonfire=10;after_enemy_spell=10,card_mechanism.csv#KAR_711; generic-play-smoke:unplayable_in_generic_setup; effect-evidence: reports/card_quality_full_2026-09-27/three_set_probe.csv#KAR_711::KAR_711_live_01; per-card: reports/card_quality_full_2026-09-27/three_set_probe.csv#KAR_711::KAR_711_live_01,聚合状态取该卡最差机制；普通烟测只证明可执行，不能单独构成 GREEN。 EN=[x]Costs (1) less for each spell you've cast this game.; ZH=在本局对战中，你每施放一个法术就会使 法力值消耗减少（1）点。; source=fireplace/cards/karazhan/collectible.py:287; existing_tests=tests/test_karazhan.py:556:test_arcane_giant; prior_card_audit=1 个机制缺少充分的核心效果验证；逐机制依据见 card_mechanism.csv。; prior_mechanism_audit=存在定义或元数据候选；当前没有可复查的该机制核心效果断言。; cross_card_issues=无; probe_cases=KAR_711_live_01,[x]Costs (1) less for each spell you've cast this game.,在本局对战中，你每施放一个法术就会使 法力值消耗减少（1）点。,fireplace/cards/karazhan/collectible.py:287
17.6.0.53261,One Night in Karazhan (KARA),KAR_712,Violet Illusionist,紫罗兰法师,Aura|Continuous effect / Update,GREEN,implemented,yes,"逐卡对局断言通过：KAR_712_live_01=illusionist=PLAY;own_turn_immune=True;friendly_infernal=PLAY;after_friendly=(30, 29, True);opponent_turn_immune=False;enemy_infernal_health=30->29",card_mechanism.csv#KAR_712; generic-play-smoke:played; effect-evidence: reports/card_quality_full_2026-09-27/three_set_probe.csv#KAR_712::KAR_712_live_01; per-card: reports/card_quality_full_2026-09-27/three_set_probe.csv#KAR_712::KAR_712_live_01,"聚合状态取该卡最差机制；普通烟测只证明可执行，不能单独构成 GREEN。 EN=During your turn, your hero is Immune.; ZH=在你的回合时，你的英雄会获得免疫。; source=fireplace/cards/karazhan/collectible.py:293; existing_tests=tests/test_karazhan.py:417:test_violet_illusionist | tests/test_troll.py:43:test_hakkar_full; prior_card_audit=2 个机制缺少充分的核心效果验证；逐机制依据见 card_mechanism.csv。; prior_mechanism_audit=存在定义或元数据候选；当前没有可复查的该机制核心效果断言。; cross_card_issues=无; probe_cases=KAR_712_live_01","During your turn, your hero is Immune.",在你的回合时，你的英雄会获得免疫。,fireplace/cards/karazhan/collectible.py:293
