issue_id,mechanism,severity,summary,evidence,confirmed_cards,candidate_cards,next_test
DEATH-001,Death processing,resolved_tested,修复前问题：同一死亡批次逐个触发亡语并重新检查 dead；增益亡语能救回本应同批死亡的随从。,fireplace/actions.py:356-374; reports/card_quality_full_2026-09-27/foundation_probes.csv#DEATH-01; reports/card_quality_full_2026-09-27/naxx_probe.csv#same_batch_dead_ally; reports/card_quality_full_2026-09-27/classic_probe_second.csv#EX1_407_random_survivor_and_batch_deathrattle; reports/card_quality_full_2026-09-27/icc_probe.csv#ICC_047::growth_same_batch_death; 当前复测：reports/card_quality_full_2026-09-27/remediation_verdicts_2026-09-29.csv#DEATH-001,OG_256|LOE_061|FP1_023|OG_158|UNG_037|GIL_608|DAL_563|ULD_266|FP1_026|EX1_407|ICC_047,GIL_513|TRL_074|ICC_047t2,确认受影响卡已逐张重测；其他候选卡仍需独立验证。
DEATH-002,Reborn / Death processing,resolved_tested,修复前问题：ULD_266 在同批死亡的复现中产生两份 Reborn；应核对死亡处理与转生调用边界。,reports/card_quality_full_2026-09-27/foundation_probes.csv#DEATH-02; 当前复测：reports/card_quality_full_2026-09-27/remediation_verdicts_2026-09-29.csv#DEATH-002,ULD_266,其他 Reborn + Deathrattle 实体,确认受影响卡已逐张重测；其他候选卡仍需独立验证。
DEATH-003,Deathrattle registration,confirmed,4 个实体定义 deathrattle 脚本却缺 DEATHRATTLE 运行时标签；死亡后效果完全不触发。,reports/card_quality_full_2026-09-27/foundation_probes.csv#DEATH-03|DEATH-04|DEATH-05|DEATH-06; fireplace/card.py:790-813; 当前 YOD_016: tests/test_year_of_dragon_red_fixes.py::test_skyvateer_deathrattle_draws_one_card_and_keeps_stealth,YOD_016|VAN_EX1_029|UNG_999t2e|TB_PickYourFate_7_EnchMiniom2nd|UNG_999t2|TB_PickYourFate_7_2nd,后续新增 deathrattle 脚本实体,可收藏 YOD_016 已修复并转 GREEN；其余非可收藏实体尚未在本轮逐一复测。
DEATH-004,Death event / selector zone,resolved_tested,修复前问题：Death 广播前先把死亡随从移入墓地，而 FRIENDLY_MINIONS/ENEMY_MINIONS 选择器要求目标仍在场；已逐卡证实 OG_302、GIL_819、ICC_900、BT_850 和三张 TROLL 卡漏触发。对照 EX1_595 用无区域限制的选择器正常触发。,"fireplace/actions.py:345-374; fireplace/dsl/selector.py:532,549; reports/card_quality_full_2026-09-27/og_probe.csv#friendly_death_only_buffs_cthun_wherever; reports/card_quality_full_2026-09-27/og_death_selector_probe.csv#death_zone_GIL_819|death_zone_ICC_900|death_zone_control_EX1_595; reports/card_quality_full_2026-09-27/bt_probe_c.csv#BT_850::three_enemy_warders_die_then_awaken_and_clear_board; reports/card_quality_full_2026-09-27/set_probe_TROLL.csv#TRL_251|TRL_257|TRL_502; 当前复测：reports/card_quality_full_2026-09-27/remediation_verdicts_2026-09-29.csv#DEATH-004",OG_302|GIL_819|ICC_900|BT_850|TRL_251|TRL_257|TRL_502,其他 Death(FRIENDLY_MINIONS/ENEMY_MINIONS) 监听器,确认受影响卡已逐张重测；其他候选卡仍需独立验证。
SPELL-001,Draw / Discard,resolved_tested,BT_427 Feast of Souls 在正常牌局中本回合已有友方随从死亡时抛 KeyError。,fireplace/cards/initiate/demonhunter.py:125; reports/card_quality_full_2026-09-27/targeted_reproductions.csv#BT_427; 当前逐卡回归：tests/test_demon_hunter_initiate_red_fixes.py::test_feast_of_souls_draws_for_friendly_deaths_this_turn_only,BT_427,使用 NUM_MINIONS_KILLED_THIS_TURN 的其他法术,当前可收藏受影响卡牌均经逐卡行为测试转为 GREEN；历史失败证据保留归档。
DRAW-001,Draw / Discard / player state,resolved_tested,修复前问题：跨玩家 Draw 成功后把 cards_drawn_this_turn 记到 source.controller，实际抽牌的 target 玩家计数不变；OG_338 的额外抽牌发生在回合重置前，错误计数随即被清空。,fireplace/actions.py:1240; reports/card_quality_full_2026-09-27/cross_player_draw_probe.csv#DRAW-01; reports/card_quality_full_2026-09-27/hof_probe.csv#destroy_target_and_opponent_draws_two; reports/card_quality_full_2026-09-27/naxx_probe.csv#opponent_draw_and_counter; reports/card_quality_full_2026-09-27/og_probe.csv#opponent_turn_start_fifty_percent_extra_draw; 当前复测：reports/card_quality_full_2026-09-27/naxx_hof_draw_fix_verdicts_2026-09-29.csv#DRAW-001,EX1_050|EX1_161|FP1_029|OG_338,GVG_032|DRG_077|DRG_084|其他 Draw(OPPONENT/ALL_PLAYERS) 实体,已通过相关卡牌定向测试；其他候选卡仍需独立验证。
DISCARD-001,Discard / Quest trigger,resolved_tested,修复前问题：弃牌动作仅广播 ON 事件，而拉卡利献祭监听 Discard(...).after；实战连续弃掉六张手牌后任务进度仍为0。,fireplace/actions.py:1135-1151; fireplace/cards/ungoro/warlock.py:58-64; reports/card_quality_full_2026-09-27/three_set_probe.csv#UNG_829::quest_progresses_on_six_discards_and_reward_creates_portal; 当前复测：reports/card_quality_full_2026-09-27/ungoro_red_fix_verdicts_2026-09-29.csv; 当前复测：reports/card_quality_full_2026-09-27/ungoro_red_fix_verdicts_2026-09-29.csv#DISCARD-001,UNG_829,其他监听 Discard(...).after 的任务或触发器,已通过相关卡牌定向测试；其他候选卡仍需独立验证。
DISCARD-002,Discard / card history selector,resolved_tested,修复前问题：弃牌被移至 REMOVEDFROMGAME，但该区域没有缓存到 game 实体迭代器；以 DISCARDED 选择器寻找历史弃牌会得到空集，残酷的恐龙术士亡语无法召回实测已弃掉的小精灵。,fireplace/actions.py:1135-1151; fireplace/card.py:209-232; fireplace/game.py:63-68; fireplace/cards/ungoro/warlock.py:25-29; reports/card_quality_full_2026-09-27/three_set_probe.csv#UNG_830::deathrattle_summons_only_discarded_minion_from_current_game; reports/card_quality_full_2026-09-27/troll_probe_a.csv#TRL_247; 当前复测：reports/card_quality_full_2026-09-27/ungoro_red_fix_verdicts_2026-09-29.csv; 交叉包复测：reports/card_quality_full_2026-09-27/ungoro_discard_cross_set_verdicts_2026-09-29.csv; 当前复测：reports/card_quality_full_2026-09-27/ungoro_discard_cross_set_verdicts_2026-09-29.csv#DISCARD-002,UNG_830|TRL_247,ICC_841,已通过相关卡牌定向测试；其他候选卡仍需独立验证。
TRIGGER-001,Trigger / Spell resolution,resolved_tested,修复前问题：BT_753e 的 events 元组把 Destroy(SELF) 当作独立事件监听器；直接施放法力燃烧或经尤格-萨隆随机代施放后，后续广播抛 AttributeError: Destroy 无 at 属性。,fireplace/cards/initiate/demonhunter.py:166-171; fireplace/actions.py:148-150; reports/card_quality_full_2026-09-27/targeted_reproductions.csv#BT_753; reports/card_quality_full_2026-09-27/og_probe.csv#two_prior_spells; 当前复测：reports/card_quality_full_2026-09-27/og_red_fix_verdicts_2026-09-29.csv#TRIGGER-001,BT_753|OG_134,ULD_216|LOOT_106|其他可代施放法力燃烧的随机法术来源,已通过相关卡牌定向测试；其他候选卡仍需独立验证。
TRIGGER-002,Trigger / controller scope,resolved_tested,修复前问题：两个 Classic 触发器把事件的玩家范围写反：奥秘守护者遗漏对手奥秘，鱼人招潮者错误响应对手召唤的鱼人。,"fireplace/cards/classic/neutral_rare.py:103,160; reports/card_quality_full_2026-09-27/classic_probe_first.csv#secretkeeper_gains_stats_when_either_player_plays_secret; reports/card_quality_full_2026-09-27/classic_probe_second.csv#EX1_509_friendly_murloc_summons_only; 当前复测：reports/card_quality_full_2026-09-27/classic_red_fix_verdicts_2026-09-29.csv#TRIGGER-002; 当前复测：reports/card_quality_full_2026-09-27/naxx_hof_draw_fix_verdicts_2026-09-29.csv#TRIGGER-002",EX1_080|EX1_509,其他依赖 OWN_/ALL_PLAYERS 事件范围的牌面触发器,已通过相关卡牌定向测试；其他候选卡仍需独立验证。
TARGET-001,Targeting,resolved_tested,BT_801 Eye Beam 文本要求指定随从，但脚本无 target requirements；正常出牌空 TARGET 抛错。,fireplace/cards/initiate/demonhunter.py:177; reports/card_quality_full_2026-09-27/targeted_reproductions.csv#BT_801; AST direct-play TARGET/no-target-prereq=3 collectible candidates; 当前逐卡回归：tests/test_demon_hunter_initiate_red_fixes.py::test_eye_beam_requires_minion_and_heals_for_actual_damage; tests/test_demon_hunter_initiate_red_fixes.py::test_eye_beam_costs_one_only_in_outcast_position,BT_801,BOT_243|TRL_409（两者 TARGET 为效果执行后的内部实体，应单独核对）,当前可收藏受影响卡牌均经逐卡行为测试转为 GREEN；历史失败证据保留归档。
TARGET-002,Targeting / Random effects / Hero Power,confirmed,NAX15_04 Chains 文案要求随机夺取敌方随从，脚本却使用 TARGET；无目标激活抛 AttributeError。,fireplace/cards/naxxramas/adventure.py:203; reports/card_quality_full_2026-09-27/foundation_probes.csv#TARGET-02,NAX15_04,其他随机效果误用 TARGET 的模式英雄技能,检查其他模式英雄技能的随机目标与选择需求
TARGET-003,Targeting / Silence,confirmed,VAN_CS2_203 旧版猫头鹰自定义卡没有目标需求；无目标出牌使随从入场后抛 AttributeError，留下错误状态。,fireplace/cards/custom/patch_wog.py:73; reports/card_quality_full_2026-09-27/foundation_probes.csv#TARGET-03,VAN_CS2_203,其他 runtime custom 目标卡,检查自定义卡与衍生卡的目标需求
TARGET-004,Targeting / Trigger / Transform,resolved_tested,BT_731 监听自身造成的所有伤害，没有把目标限制为随从；攻击英雄后把英雄变形为传染孢子。,fireplace/cards/outlands/neutral_rare.py:30; reports/card_quality_full_2026-09-27/infectious_sporeling_probe.csv#SPORE-01|SPORE-02; 当前逐卡回归：tests/test_black_temple_red_fixes.py::test_infectious_sporeling_transforms_damaged_minion_but_not_hero,BT_731,其他按 Damage(source=SELF) 监听但只应作用于特定目标类型的脚本,当前可收藏受影响卡牌均经逐卡行为测试转为 GREEN；历史失败证据保留归档。
TARGET-HERO-001,Targeting / Hero protection,resolved_tested,is_valid_target 仅在目标为随从时检查 cant_be_targeted_by_abilities 和 cant_be_targeted_by_hero_powers；带有相同保护标记的英雄仍能出现在法术及英雄技能的合法目标中。,fireplace/targeting.py:42-55; fireplace/cards/kobolds/neutral_rare.py:71-81; reports/card_quality_full_2026-09-27/set_probe_LOOTAPALOOZA.csv#LOOT_382::protects_hero_from_spell_and_hero_power_targets; reports/card_quality_full_2026-09-27/dal_probe_a.csv#DAL_081; 当前复测：reports/card_quality_full_2026-09-27/loot_red_fix_verdicts_2026-09-29.csv#TARGET-HERO-001,LOOT_382|DAL_081,其他给英雄施加不能被法术或英雄技能指定标记的卡,已通过相关卡牌定向测试；其他候选卡仍需独立验证。
ARMOR-ATTACK-001,Attack restriction / Armor,resolved_tested,Ironwood Golem 与 Gemstudded Golem 的限制脚本均从 FRIENDLY_HAND 查询护甲；实战达到卡面护甲门槛且同场普通随从已可攻击时，两张本体仍被禁止攻击。,fireplace/cards/kobolds/druid.py:8-12; fireplace/cards/kobolds/warrior.py:16-21; reports/card_quality_full_2026-09-27/set_probe_LOOTAPALOOZA.csv#LOOT_048::armor_attack_threshold|LOOT_365::armor_threshold_and_regular_minion_control; 当前复测：reports/card_quality_full_2026-09-27/loot_red_fix_verdicts_2026-09-29.csv#ARMOR-ATTACK-001,LOOT_048|LOOT_365,其他使用 ARMOR(FRIENDLY_HAND) 判定英雄护甲的卡,已通过相关卡牌定向测试；其他候选卡仍需独立验证。
SECRET-REVEAL-001,Secret / reveal lifecycle,resolved_tested,LOOT_214 Evasion 受伤后给予本回合免疫，但脚本没有 Reveal；奥秘一直留在 SECRET 区，之后的对手回合再次受伤又重复触发。,fireplace/cards/kobolds/rogue.py:100-107; reports/card_quality_full_2026-09-27/set_probe_LOOTAPALOOZA.csv#LOOT_214::hero_damage_triggers_immunity_until_turn_end; reports/card_quality_full_2026-09-27/uld_probe_b.csv#ULD_239; 当前复测：reports/card_quality_full_2026-09-27/loot_red_fix_verdicts_2026-09-29.csv#SECRET-REVEAL-001,LOOT_214|ULD_239,其他 secret 监听器只执行效果而未 Reveal(SELF) 的卡,已通过相关卡牌定向测试；其他候选卡仍需独立验证。
DISCOVER-CAST-001,Discover / effect-cast,resolved_tested,修复前多个对局共用一个 Discover 动作对象，未完成选择会覆盖或清空回调，导致符文之矛选中法术后仍留在 SETASIDE；改为每次触发持有独立选择状态。,"fireplace/cards/kobolds/shaman.py:156-162; fireplace/actions.py:1152-1204,1876-1931; reports/card_quality_full_2026-09-27/set_probe_LOOTAPALOOZA.csv#LOOT_506::hero_attack_casts_target_spell_with_available_target|LOOT_506::hero_attack_casts_nontarget_spell; 当前复测：reports/card_quality_full_2026-09-27/loot_red_fix_verdicts_2026-09-29.csv#DISCOVER-CAST-001",LOOT_506,UNG_088|其他 Discover(...).then(CastSpell(Discover.CARD)) 的实现,已通过相关卡牌定向测试；其他候选卡仍需独立验证。
CAST-TARGET-001,Spell recast / targeting,resolved_tested,TRL_085 Zentimo 在 Play.ON 阶段对原法术实体 CastSpell 到相邻目标，覆盖其 target。月火术原选第二名5血随从，实测第一名受1伤、第二名未受伤、第三名受2伤；原目标被最后一次相邻施法替换。单目标无邻居时则正常受1伤。,fireplace/cards/troll/shaman.py:36-43; fireplace/actions.py:1876-1931; reports/card_quality_full_2026-09-27/set_probe_TROLL.csv#TRL_085::middle_target_and_two_neighbors|TRL_085::single_minion_only_once; 当前逐卡回归：tests/test_troll_rogue_shaman_red_fixes.py::test_zentimo_recasts_targeted_spell_once_on_each_adjacent_minion; tests/test_troll_rogue_shaman_red_fixes.py::test_zentimo_does_not_randomly_recast_when_the_target_has_no_neighbor,TRL_085,其他在 Play.ON 阶段对 Play.CARD 原实体再次调用 CastSpell 的卡,当前可收藏受影响卡牌均经逐卡行为测试转为 GREEN；历史失败证据保留归档。
MINION-EXTRA-001,Battlecry / Combo multiplier,resolved_tested,TRL_092 Spirit of the Shark 的 Refresh 使用 MINION_EXTRA_BATTLECRIES 与 MINION_EXTRA_COMBOS；managers.py 将两标签拼写映射到 minio_extra_*，而 Battlecry 实际读取 player.minion_extra_*。实战机械增益战吼只触发一次，军情七处特工连击也只造成一次2伤。,fireplace/cards/troll/rogue.py:36-45; fireplace/managers.py:272-273; fireplace/actions.py:1044-1069; reports/card_quality_full_2026-09-27/set_probe_TROLL.csv#TRL_092::battlecry_and_combo_both_double; 当前逐卡回归：tests/test_troll_rogue_shaman_red_fixes.py::test_spirit_of_the_shark_doubles_own_minion_battlecry_and_combo_only,TRL_092,其他使用 MINION_EXTRA_BATTLECRIES 或 MINION_EXTRA_COMBOS 标签的卡,当前可收藏受影响卡牌均经逐卡行为测试转为 GREEN；历史失败证据保留归档。
GAMESTART-001,GameStart / Hand and Deck trigger,resolved_tested,SCH_199 在 Hand 和 Deck 中把 GameStart.on(effect) 当作类方法调用，事件监听器的 trigger 错绑成 Switch；开局手牌和牌库中的转校生都不随面板变形。,"fireplace/cards/scholomance/transfer_student.py:41-49; fireplace/actions.py:136-143,151-159; reports/card_quality_full_2026-09-27/set_probe_SCHOLOMANCE.csv#SCH_199::board_orgrimmar_opening_hand_and_deck|SCH_199::board_naxxramas_opening_hand_and_deck; 当前逐卡回归：tests/test_scholomance_transfer_student_red_fix.py::test_transfer_student_becomes_orgrimmar_variant_in_hand_and_deck; tests/test_scholomance_transfer_student_red_fix.py::test_transfer_student_becomes_naxxramas_variant_in_hand_and_deck",SCH_199,后续使用 GameStart 事件的手牌或牌库脚本,GameStart 监听绑定修复已通过两个面板选型测试；转校生其他面板形态尚未充分验证，当前质量分级 YELLOW。历史失败证据保留归档。
HEALING-DOUBLE-001,Healing multiplier / Lifesteal,resolved_tested,BOT_236 在场时 Holy Light 的 6 点治疗正确翻倍为 12 点，但本体造成 1 点伤害后的吸血仅恢复 1 点而非 2 点。通用 Heal 从随从来源调用 BaseEntity.get_heal，不读取玩家 healing_double；只有 Spell.get_heal 对其应用倍率。,"fireplace/actions.py:964-970,1439-1455; fireplace/entity.py:103-104; fireplace/card.py:1321-1324; fireplace/player.py:325-333; reports/card_quality_full_2026-09-27/set_probe_BOOMSDAY.csv#BOT_236::spell_healing_doubles|BOT_236::lifesteal_healing_doubles; 当前逐卡回归：tests/test_boomsday_root_red_fixes.py::test_crystalsmith_kangor_doubles_spell_healing_and_lifesteal_healing",BOT_236,治愈加倍效果在场期间通过随从吸血、随从治疗或武器治疗恢复生命的卡,当前可收藏受影响卡牌均经逐卡行为测试转为 GREEN；历史失败证据保留归档。
SELF-COUNT-001,Battlecry / self exclusion,resolved_tested,TRL_071 文本要求每有一个其他友方海盗获得 +1/+1，但战吼结算时 Count(FRIENDLY_MINIONS + PIRATE) 把已入场的本体也算入：零其他海盗时仍得 +1/+1，两名其他海盗时得 +3/+3。,fireplace/cards/troll/rogue.py:8-15; reports/card_quality_full_2026-09-27/set_probe_TROLL.csv#TRL_071::two_other_pirates_each_plus_one|TRL_071::no_other_pirates_no_buff; 当前逐卡回归：tests/test_troll_rogue_shaman_red_fixes.py::test_bloodsail_howler_counts_only_other_pirates; tests/test_troll_rogue_shaman_red_fixes.py::test_bloodsail_howler_gets_no_self_buff_without_another_pirate,TRL_071,其他战吼文本写有 other/其他、脚本使用 FRIENDLY_MINIONS 计数而未排除 SELF 的卡,当前可收藏受影响卡牌均经逐卡行为测试转为 GREEN；历史失败证据保留归档。
BOARD-001,Secret / Summon / Dormant,resolved_tested,修复前问题：FULL_BOARD 与 Count(FRIENDLY_MINIONS) 忽略休眠随从占用的场位。ICC_200 在六个活动随从加一个休眠随从满场时消耗奥秘却未召出眼镜蛇；ICC_054 在五个活动随从加一个休眠随从、召出首只甲虫填满场后继续递归并抛 RecursionError。UNG_111 在休眠体占满第七格时扣光8颗水晶却没有召出树人。普通满场对照均未出现相同错误。,fireplace/cards/utils.py:48; fireplace/dsl/selector.py:532; reports/card_quality_full_2026-09-27/dormant_full_board_probe.csv#SECRET-BOARD-01; reports/card_quality_full_2026-09-27/classic_probe_first.csv#noble_sacrifice_full_board_with_dormant_minion_stays_set; reports/card_quality_full_2026-09-27/three_set_probe.csv#UNG_111::spell_on_dormant_full_board_matches_full_board_behavior; reports/card_quality_full_2026-09-27/icc_probe.csv#ICC_200::dormant_full_board_secret_stays; reports/card_quality_full_2026-09-27/icc_probe.csv#ICC_054::dormant_slot_recursion; 当前复测：reports/card_quality_full_2026-09-27/remediation_verdicts_2026-09-29.csv#BOARD-001,EX1_136|EX1_130|UNG_111|ICC_200|ICC_054,EX1_554|tt_010|GIL_577|AT_060|AT_002|TRL_400|BT_203|BT_003|BT_707,确认受影响卡已逐张重测；其他候选卡仍需独立验证。
DAMAGE-SURVIVE-001,Damage trigger / death processing,resolved_tested,Rotface 与 Val'kyr Soulclaimer 都使用未带存活条件的 SELF_DAMAGE 监听；致死伤害后本体已进入墓地，仍分别召唤随机传说随从或食尸鬼。两个效果都要求本体受到伤害后存活。,fireplace/cards/icecrown/warrior.py:20-29; reports/card_quality_full_2026-09-27/icc_probe.csv#ICC_405::lethal_damage_no_legendary; reports/card_quality_full_2026-09-27/icc_probe.csv#ICC_408::lethal_damage_no_ghoul; 当前复测：reports/card_quality_full_2026-09-27/icecrown_red_fix_verdicts_2026-09-29.csv#DAMAGE-SURVIVE-001,ICC_405|ICC_408,其他用 SELF_DAMAGE 监听且文本要求受伤后存活的卡,已通过相关卡牌定向测试；其他候选卡仍需独立验证。
ADAPT-001,Adapt / Choice / multi-target,resolved_tested,多目标 Adapt 应只进行一次选择，并将同一进化效果施加给所有符合条件的随从；当前逐目标覆盖 player.choice，选择完成后只有最后一个目标获得效果。温顺的巨壳龙、进化孢子和光耀之剑龙均复现。,fireplace/actions.py:2102-2143; fireplace/cards/ungoro/neutral_epic.py:29; fireplace/cards/ungoro/druid.py:54; fireplace/cards/ungoro/paladin.py; reports/card_quality_full_2026-09-27/three_set_probe.csv#UNG_089::one_adapt_choice_applies_to_all_friendly_murlocs_only|UNG_103::one_adapt_choice_applies_to_all_friendly_minions_only|UNG_962::one_adapt_choice_applies_to_all_recruits; 当前复测：reports/card_quality_full_2026-09-27/ungoro_red_fix_verdicts_2026-09-29.csv#ADAPT-001,UNG_089|UNG_103|UNG_962,其他使用 Adapt(多目标选择器) 的卡,已通过相关卡牌定向测试；其他候选卡仍需独立验证。
BOARD-002,Summon / board capacity,resolved_tested,修复前问题：Summon 在将生成实体的 controller 改为目标玩家之前检查可召唤性；向对手召唤时可能越过其7格上限，或因己方满场阻止本应给对手的召唤。UNG_926 对手满7格时仍召出3只猛禽，敌场增至10只；LOOT_154、LOOT_357 与 LOOT_383 均在对手满场时召出第8只随从，己方满场时则未给对手召唤。,fireplace/actions.py:1676-1684; reports/card_quality_full_2026-09-27/hof_probe.csv#battlecry_on_full_enemy_board; reports/card_quality_full_2026-09-27/classic_probe_second.csv#EX1_577_normal_and_full_opponent_board; reports/card_quality_full_2026-09-27/naxx_probe.csv#replace_seven_on_full_boards; reports/card_quality_full_2026-09-27/three_set_probe.csv#UNG_926::opponent_full_board_does_not_overflow; reports/card_quality_full_2026-09-27/set_probe_LOOTAPALOOZA.csv#LOOT_154::friendly_full_board_opponent_room|LOOT_154::opponent_full_board_caps_summon|LOOT_357::friendly_full_board_opponent_has_room|LOOT_357::opponent_full_board_caps_chest|LOOT_383::opponent_full_board_respects_seven_minion_cap|LOOT_383::friendly_full_board_does_not_block_opponent_summon; control: reports/card_quality_full_2026-09-27/naxx_probe.csv#full_enemy_board_no_eighth_from_deck; 当前复测：reports/card_quality_full_2026-09-27/remediation_verdicts_2026-09-29.csv#BOARD-002,EX1_116|EX1_577|FP1_019|UNG_926|LOOT_154|LOOT_357|LOOT_383,"其他使用 Summon(OPPONENT, 新建衍生实体) 且接近满场的效果",确认受影响卡已逐张重测；其他候选卡仍需独立验证。
BOARD-003,Steal / board capacity,resolved_tested,Steal 没有检查目标控制者战场上限；精神控制技师作为第7个友方随从入场后仍夺取敌方随从，友方场上出现8个随从。,fireplace/actions.py:1813-1840; reports/card_quality_full_2026-09-27/hof_probe.csv#steal_when_battlecry_fills_own_board; 当前复测：reports/card_quality_full_2026-09-27/naxx_hof_draw_fix_verdicts_2026-09-29.csv#BOARD-003,EX1_085,其他使用 Steal 的效果，尤其满场时夺取敌方随从,已通过相关卡牌定向测试；其他候选卡仍需独立验证。
BOUNCE-001,Bounce / ownership,audit_false_positive,Bounce 以当前 controller 手牌为回手目的地；当随从被偷取后，消失与劫持者将其交给当前控制者，违反卡面‘拥有者的手牌’。,fireplace/actions.py:769-782; reports/card_quality_full_2026-09-27/hof_probe.csv#stolen_minion_returns_original_owner; reports/card_quality_full_2026-09-27/classic_probe_final10.csv#combo_stolen_minion_returns_original_owner; 当前复测：reports/card_quality_full_2026-09-27/classic_red_fix_verdicts_2026-09-29.csv#BOUNCE-001,NEW1_004|NEW1_005,其他写明回到拥有者手牌且作用于控制权已变化随从的效果,已通过相关卡牌定向测试；其他候选卡仍需独立验证。
CONTROL-001,Destroy / Summon / controller,resolved_tested,复生将敌方目标消灭后用施法者的 CONTROLLER 召唤副本；对敌方随从施法会把复生体错误地放到己方战场。,fireplace/cards/naxxramas/collectible.py:176; reports/card_quality_full_2026-09-27/naxx_probe.csv#enemy_target_returns_to_original_owner; 当前复测：reports/card_quality_full_2026-09-27/naxx_hof_draw_fix_verdicts_2026-09-29.csv#CONTROL-001,FP1_025,"其他对任意目标使用 Summon(CONTROLLER, Copy(TARGET)) 的效果",已通过相关卡牌定向测试；其他候选卡仍需独立验证。
RANDOM-001,Random card pool / class filter,resolved_tested,ANOTHER_CLASS 遍历 CardClass 时只排除当前职业，没有排除 NEUTRAL；窃取随机得到中立卡，违反‘其他职业’。,fireplace/dsl/selector.py:659-663; fireplace/cards/classic/rogue.py:236-240; reports/card_quality_full_2026-09-27/classic_probe_first.csv#pilfer_adds_only_collectible_cards_from_other_hero_classes; 当前复测：reports/card_quality_full_2026-09-27/classic_red_fix_verdicts_2026-09-29.csv#RANDOM-001,EX1_182,其他使用 ANOTHER_CLASS 随机卡池的效果（需逐卡验证实际结果）,已通过相关卡牌定向测试；其他候选卡仍需独立验证。
TIME-001,Player state / Continuous effect,confirmed,Nozdormu 对双方玩家声明 TIMEOUT=15 的 Refresh，但实际 Player.timeout 和序列化 timeout 均维持75，限时效果未进入可观察玩家状态。,"fireplace/cards/classic/neutral_legendary.py:135-138; fireplace/player.py:84,127,152; reports/card_quality_full_2026-09-27/classic_probe_second.csv#EX1_560_timeout_state_for_both_players; 当前复测：reports/card_quality_full_2026-09-27/classic_red_fix_verdicts_2026-09-29.csv#TIME-001",EX1_560,其他通过 Refresh 修改 Player 上独立属性而非卡牌 tag 的持续效果,已通过相关卡牌定向测试；其他候选卡仍需独立验证。
SPELLPOWER-001,Spell Damage enchantment,resolved_tested,上古法师相邻随从获得 EX1_584e 附魔实体，但该附魔只有文字、没有 SPELLPOWER 数值或脚本；法术伤害未增加。,fireplace/cards/classic/neutral_rare.py:166-169; fireplace/cards/CardDefs.xml#EX1_584e; reports/card_quality_full_2026-09-27/classic_probe_middle_b.csv#battlecry_only_buffs_adjacent_minions_spell_damage; 当前复测：reports/card_quality_full_2026-09-27/classic_red_fix_verdicts_2026-09-29.csv#SPELLPOWER-001,EX1_584,其他只有法术伤害文字、缺 SPELLPOWER tag 或脚本的附魔,已通过相关卡牌定向测试；其他候选卡仍需独立验证。
SILENCE-001,Silence / Spell Damage,resolved_tested,修复前问题：Silence 清除随从的可沉默属性时未包括 spellpower；已沉默的玛里苟斯仍保留 +5 法术伤害，月火术继续造成6点伤害。,"fireplace/actions.py:1643-1652; fireplace/card.py:1118,1122-1145; fireplace/player.py:196-201; reports/card_quality_full_2026-09-27/classic_probe_second.csv#EX1_563_spell_damage_and_silence; 当前复测：reports/card_quality_full_2026-09-27/basic_red_fix_verdicts_2026-09-29.csv#SILENCE-001",EX1_563|CS2_142|EX1_332,其他拥有原生 SPELLPOWER 属性且可被沉默的随从；其他使用 Silence 的卡,原生与附魔法强、伤害变化及复制已沉默随从均已复测；其他沉默候选卡仍需逐卡验证。
CAST-001,CastSpell / Trigger,rule_confirmed_tested,效果代施放法术会结算，但不广播玩家 Play ON/AFTER；与手牌施放触发不同，规则语义待核实，暂不判定为错误。,fireplace/actions.py:1876-1929; fireplace/events.py:8; reports/card_quality_full_2026-09-27/castspell_trigger_probe.csv#CAST-TRIGGER-01; 当前复测：reports/card_quality_full_2026-09-27/classic_cast_rule_verdict_2026-09-29.csv#CAST-001,,EX1_559|NEW1_012|EX1_287|LOOT_414|AT_061e|BRM_002|CFM_060|CFM_807|DAL_182|DRG_322e|EX1_055|EX1_095|EX1_145o|EX1_187|KAR_021|KAR_035|KAR_036|KAR_097t|LOE_086|NEW1_020|NEW1_026|OG_085|OG_121e|OG_303|TB_PickYourFate_8_Ench|ULD_329|UNG_832e|VAN_EX1_145o|YOD_042,先以权威规则核对随从代施放与玩家施放的区别，再检查监听触发次数
DISCOVER-001,Discover / Choice,confirmed,无放回选卡辅助函数在候选池仅 1 张、请求 3 张时抛 IndexError；默认具体卡牌池尚未证实可达。,fireplace/utils.py:125-159; reports/card_quality_full_2026-09-27/discover_pool_probe.csv#DISCOVER-POOL-01,,所有使用 weighted_card_choice 且过滤后候选池可能小于请求数的 Discover/随机选项效果,构造具体卡牌的小候选池场景；核查 0、1、2 张池与权重为 0 的分支
STATS-001,Conditional stats / Continuous effect,confirmed,9 张条件属性卡在计数变化后不符合文案；包括入场快照、错误目标计数、错误属性绑定及无实现。,reports/card_quality_full_2026-09-27/conditional_stats_probe.csv#STATS-01|STATS-02|STATS-03|STATS-04|STATS-05|STATS-07|STATS-08|STATS-09|STATS-10; 当前 DRG_058/DRG_088: tests/test_dragons_red_fixes.py::test_wing_commander_attack_tracks_dragons_in_hand; tests/test_dragons_red_fixes.py::test_dread_raven_scales_by_each_other_raven_and_updates_on_death,DRG_058|DRG_088|TB_KTRAF_5|TB_BaconUps_036|ULDA_501|ICC_841|DALA_503|GILA_403|GILA_907,其他 Conditional stats / Continuous effect 候选；EX1_062 已通过单独对照,可收藏 DRG_058、DRG_088、ICC_841 已转 GREEN；其余模式或非可收藏实体仍待验证。
MODE-001,Mode ongoing effects,confirmed,3 张模式卡的法术重复或攻击光环缺少有效实现，实际游戏中完全不生效。,reports/card_quality_full_2026-09-27/mode_ongoing_probe.csv#MODE-01|MODE-02|MODE-03,DALA_504|TB_BaconUps_008|TB_BaconUps_038,其他无脚本但有持续效果文案的模式卡,按模式 set 对无脚本持续效果卡做代表性运行筛查
DATA-001,Deathrattle metadata,confirmed,TB_TempleOutrun_Lazul_HP 带亡语 tag，但实体是 Hero Power；机制标签与实际效果不符。,reports/card_quality_2026-09-27/deathrattle_quality_map.csv#TB_TempleOutrun_Lazul_HP,TB_TempleOutrun_Lazul_HP,其他非随从/武器上的亡语 tag,核对 XML tag 与实体类型
DATA-002,Hero Power modification,resolved_tested,YOD_008 文案要求英雄技能伤害 +2，但原始 HEROPOWER_DAMAGE=1；运行时实际只有 +1。,fireplace/cards/CardDefs.xml#YOD_008; reports/card_quality_full_2026-09-27/hero_power_reproductions.csv#YOD_008; 当前逐卡回归：tests/test_year_of_dragon_red_fixes.py::test_arcane_amplifier_adds_two_hero_power_damage_only_while_in_play,YOD_008,AT_003（同标签，已实测正确）,当前可收藏受影响卡牌均经逐卡行为测试转为 GREEN；历史失败证据保留归档。
CLEAVE-001,Attack / adjacent damage,resolved_tested,共用 CLEAVE 动作通过 TARGET_ADJACENT 读 source.target，而攻击实际设置 source.attack_target；相邻随从在实战中没有受到溅射伤害。,"fireplace/cards/utils.py:44; fireplace/dsl/selector.py:311,346; fireplace/actions.py:244; reports/card_quality_full_2026-09-27/tgt_probe.csv#tgt_at_067_core_behavior; reports/card_quality_full_2026-09-27/gvg_probe.csv#GVG_113_attack_cleave_adjacent; reports/card_quality_full_2026-09-27/set_probe_LOOTAPALOOZA.csv#LOOT_078::cleave_adjacent_minions; 当前复测：reports/card_quality_full_2026-09-27/gvg_red_fix_verdicts_2026-09-29.csv#CLEAVE-001",AT_067|GVG_113|LOOT_078,BRMC_88,已通过相关卡牌定向测试；其他候选卡仍需独立验证。
RANDOM-002,Random effects / trigger,resolved_tested,"火妖把每次应随机命中单个敌方角色的伤害写成 Hit(ENEMY_CHARACTERS,1)*2；两个敌方目标时触发总伤害由 2 错增到 4。",fireplace/cards/blackrock/collectible.py:11; reports/card_quality_full_2026-09-27/brm_probe.csv#random_split_enemy_only; 当前复测：reports/card_quality_full_2026-09-27/brm_tgt_red_fix_verdicts_2026-09-29.csv#RANDOM-002,BRM_002,其他用全体选择器模拟随机分配伤害的脚本,已通过相关卡牌定向测试；其他候选卡仍需独立验证。
READY-001,Battlecry / targeting readiness,resolved_tested,雷德·黑手的 powered_up 只搜索敌方传说随从，但卡文与 target requirements 允许选择友方传说；仅有友方合法目标时错误显示未就绪。,fireplace/cards/blackrock/collectible.py:171-174; reports/card_quality_full_2026-09-27/brm_probe.csv#friendly_legend_only_readiness; 当前复测：reports/card_quality_full_2026-09-27/brm_tgt_red_fix_verdicts_2026-09-29.csv#READY-001,BRM_029,其他 powered_up 候选域与合法目标域不一致的条件战吼,已通过相关卡牌定向测试；其他候选卡仍需独立验证。
ATTACK-001,Inspire / attack permission,resolved_tested,银色警卫的 Inspire 附魔已施加但不能清除卡牌原生 cant_attack，下一次实际攻击仍被 InvalidAction 拒绝。,fireplace/cards/tgt/neutral_rare.py:48-54; reports/card_quality_full_2026-09-27/tgt_probe.csv#inspire_attack_permission; 当前复测：reports/card_quality_full_2026-09-27/brm_tgt_red_fix_verdicts_2026-09-29.csv#ATTACK-001,AT_109,其他用 buff(cant_attack=False) 清除原生不能攻击的效果,已通过相关卡牌定向测试；其他候选卡仍需独立验证。
FORGETFUL-001,Attack / wrong-target event,resolved_tested,食人魔战槌把 FORGETFUL 事件挂在武器自身；共用事件监听 Attack(SELF)，但实际攻击者是英雄。128 次有其他合法敌方目标的武器攻击均未改打目标。,fireplace/cards/gvg/warrior.py:85-88; fireplace/cards/utils.py:132-134; reports/card_quality_full_2026-09-27/gvg_probe.csv#GVG_054_weapon_forgetful_combat; 当前复测：reports/card_quality_full_2026-09-27/gvg_red_fix_verdicts_2026-09-29.csv#FORGETFUL-001,GVG_054,其他将 Attack(SELF) 随机转向事件直接挂在武器上的卡,已通过相关卡牌定向测试；其他候选卡仍需独立验证。
TARGET-RANDOM-001,Targeting / random attack target,resolved_tested,随机目标标记在打牌及英雄技能目标选择中生效，Mayor Noggenfogger 的额外攻击事件只监听随从；英雄装备武器攻击时仍固定命中玩家指定目标。32 个独立种子均未改打场上另一个合法敌方目标。,"fireplace/card.py:568-578,977-980,1682-1693; fireplace/cards/gangs/neutral_legendary.py:125-134; reports/card_quality_full_2026-09-27/three_set_probe.csv#CFM_670::hero_attack_can_redirect; https://hearthstone.blizzard.com/en-us/blog/21098848/; 当前复测：reports/card_quality_full_2026-09-27/gangs_remaining_red_fix_verdicts_2026-09-29.csv#TARGET-RANDOM-001",CFM_670,其他使用 ALL_TARGETS_RANDOM 的角色或效果；当前卡牌脚本只发现 CFM_670,已通过相关卡牌定向测试；其他候选卡仍需独立验证。
HEROPOWER-002,Hero Power targeting modifier,resolved_tested,蒸汽朋克狙击手把 STEADY_SHOT_CAN_TARGET 刷新到玩家，但稳固射击的目标能力从英雄技能自身读取该标签；狙击手在场时仍不能选择随从。,fireplace/cards/gvg/hunter.py:36-39; fireplace/cards/skins/hunter.py:8-14; fireplace/cards/dragons/hunter.py:36-40; reports/card_quality_full_2026-09-27/gvg_probe.csv#GVG_087_hero_power_target_gate; 当前复测：reports/card_quality_full_2026-09-27/gvg_red_fix_verdicts_2026-09-29.csv#HEROPOWER-002,GVG_087,其他把英雄技能修饰标签施加到玩家而不是英雄技能实体的卡；DRG_253 为正确作用域对照,已通过相关卡牌定向测试；其他候选卡仍需独立验证。
MANA-REMAINING-001,Remaining Mana / selector,resolved_tested,奥丹姆的法力条件把 MANA 选择器用于未使用法力判断；实测花过法力仍推进发掘潜力任务并触发水晶商人抽牌。,fireplace/dsl/selector.py:135; reports/card_quality_full_2026-09-27/uld_probe_a.csv#ULD_131|ULD_133; 当前逐卡回归：tests/test_uldum_red_fixes.py::test_untapped_potential_counts_only_turns_with_remaining_mana; tests/test_uldum_red_fixes.py::test_crystal_merchant_draws_only_with_remaining_mana,ULD_131|ULD_133,其他以 MANA 判断本回合未使用法力的脚本,当前可收藏受影响卡牌均经逐卡行为测试转为 GREEN；历史失败证据保留归档。
DRAW-AFTER-001,Draw / AFTER trigger,resolved_tested,抽牌动作未广播 AFTER，奥丹姆任务在实际抽牌二十次后进度仍为零。,fireplace/actions.py:1208-1250; reports/card_quality_full_2026-09-27/uld_probe_a.csv#ULD_140; 当前逐卡回归：tests/test_uldum_red_fixes.py::test_supreme_archaeology_counts_real_draws_and_zeroes_reward_draw,ULD_140,其他监听 Draw(...).after 的任务和随从,当前可收藏受影响卡牌均经逐卡行为测试转为 GREEN；历史失败证据保留归档。
RANDOM-ENEMY-MINION-001,Random targeting / enemy minion,resolved_tested,两张写明随机敌方随从的牌使用敌方角色池：雷诺在空敌场打英雄，巨魔蝙蝠骑士有敌随从时仍打英雄。,fireplace/cards/dragons/neutral_common.py:81-85; reports/card_quality_full_2026-09-27/uld_probe_b.csv#ULD_238; reports/card_quality_full_2026-09-27/drg_probe_a.csv#DRG_067; 当前逐卡回归：tests/test_uldum_red_fixes.py::test_reno_relicologist_hits_enemy_minions_only; tests/test_dragons_red_fixes.py::test_troll_batrider_only_hits_an_enemy_minion,ULD_238|DRG_067,其他文案是 enemy minion 但脚本使用 RANDOM_ENEMY_CHARACTER 的卡,当前可收藏受影响卡牌均经逐卡行为测试转为 GREEN；历史失败证据保留归档。
SUMMON-CONTEXT-001,Summon / Battlecry context,resolved_tested,废墟之子在两次真实祈求后执行额外召唤路径抛 AttributeError，卡牌无法完成强化战吼。,fireplace/cards/dragons/warrior.py#DRG_019; reports/card_quality_full_2026-09-27/drg_probe_a.csv#DRG_019::two_real_invokes_summon_two_copies; 当前逐卡回归：tests/test_dragons_red_fixes.py::test_scion_of_ruin_summons_two_friendly_copies_after_two_invokes,DRG_019,其他把 SELF 传给 SummonBothSides 的脚本,当前可收藏受影响卡牌均经逐卡行为测试转为 GREEN；历史失败证据保留归档。
TEMP-BUFF-001,Temporary buff / turn expiry,resolved_tested,灰舌杀手给予潜行随从的 +3 攻击与免疫在本回合结束后都未撤销，造成持续错误状态。,fireplace/cards/outlands/rogue.py:18-30; reports/card_quality_full_2026-09-27/bt_probe_c.csv#BT_702::stealthed_target_gains_three_attack_and_temporary_immune; 当前逐卡回归：tests/test_black_temple_red_fixes.py::test_ashtongue_slayer_temporary_buff_expires_after_turn,BT_702,其他以普通 Buff 实现文案含 this turn 的卡,当前可收藏受影响卡牌均经逐卡行为测试转为 GREEN；历史失败证据保留归档。
ENCHANT-ID-001,Trigger / missing enchantment,resolved_tested,噬骨先锋受伤事件指向未定义的 BT_716e，两次受伤均不加攻击；树木援军的 DRG_311e 与精神分裂的 BT_253e 只有描述而无属性实现，目标未获得文本所写强化。,fireplace/cards/outlands/neutral_common.py:72-81; fireplace/cards/dragons/druid.py:68-85; fireplace/cards/outlands/priest.py:99-104; reports/card_quality_full_2026-09-27/bt_probe_c.csv#BT_716::two_damage_events_each_add_two_attack; reports/card_quality_full_2026-09-27/set_probe_DRAGONS.csv#DRG_311::choose_target_buff; reports/card_quality_full_2026-09-27/bt_probe_b.csv#BT_253::buffs_target_one_two_and_summons_buffed_copy; 当前逐卡回归：tests/test_black_temple_red_fixes.py::test_bonechewer_vanguard_gains_two_attack_per_damage_event; tests/test_dragons_red_fixes.py::test_treenforcements_choice_subcards_have_their_own_effects; tests/test_black_temple_red_fixes.py::test_psyche_split_buffs_target_and_summons_buffed_copy,BT_716|DRG_311|BT_253,其他事件引用不存在、拼错或仅有文字无属性的附魔 ID,当前可收藏受影响卡牌均经逐卡行为测试转为 GREEN；历史失败证据保留归档。
BOMB-OWNER-001,Deck owner / Battlecry,resolved_tested,爆破大师布姆按己方牌库而非敌方牌库的炸弹数召唤炸弹机器人；敌库有两枚炸弹仍召不出机器人。,fireplace/cards/dalaran/warrior.py#DAL_064; reports/card_quality_full_2026-09-27/dal_probe_a.csv#DAL_064::two_enemy_bombs_summon_four_bots; 当前逐卡回归：tests/test_dalaran_red_fixes.py::test_blastmaster_boom_counts_only_bombs_in_the_opponents_deck; tests/test_dalaran_red_fixes.py::test_blastmaster_without_opponent_bombs_does_not_summon_bots,DAL_064,其他从 ENEMY_DECK 文案误取 FRIENDLY_DECK 的脚本,当前可收藏受影响卡牌均经逐卡行为测试转为 GREEN；历史失败证据保留归档。
HEAL-AFTER-001,Heal / AFTER trigger,resolved_tested,Heal 动作只广播 ON 而未广播 AFTER；激活方尖碑任务在三次治疗共恢复 15 点生命后进度仍是零。,fireplace/actions.py:1439-1455; fireplace/cards/uldum/priest.py:99-105; reports/card_quality_full_2026-09-27/uld_probe_d.csv#ULD_724::restore_fifteen_actual_health_unlocks_obelisk_eye; 当前逐卡回归：tests/test_uldum_red_fixes.py::test_activate_the_obelisk_counts_actual_healing_and_upgrades_power,ULD_724,其他监听 Heal(...).after 的任务与触发器,当前可收藏受影响卡牌均经逐卡行为测试转为 GREEN；历史失败证据保留归档。
CLASS-FILTER-001,Card-class selector / entity filter,resolved_tested,ANOTHER_CLASS 返回职业枚举，却被直接用于筛选手牌卡牌实体或 Give 事件中的卡牌；实战中盗贼手持法师牌时栅栏随从与宿怨条件均不触发，加入四张外职业卡后集市抢劫任务进度仍为零。,"fireplace/dsl/selector.py:659-664; fireplace/cards/dalaran/rogue.py:32-41,126-139; fireplace/cards/uldum/rogue.py:69-76; reports/card_quality_full_2026-09-27/set_probe_DALARAN.csv#DAL_714::foreign_class_card_grants_plus_one_plus_one_and_rush|DAL_716::foreign_class_card_sets_vendetta_cost_to_zero; reports/card_quality_full_2026-09-27/set_probe_ULDUM.csv#ULD_326::four_other_class_cards_complete_quest_and_equip_blade; 当前逐卡回归：tests/test_dalaran_red_fixes.py::test_underbelly_fence_gains_stats_and_rush_for_a_foreign_class_card; tests/test_dalaran_red_fixes.py::test_underbelly_fence_stays_base_stats_without_a_foreign_class_card; tests/test_dalaran_red_fixes.py::test_vendetta_costs_zero_with_a_foreign_class_card_and_deals_four; tests/test_dalaran_red_fixes.py::test_vendetta_keeps_four_cost_without_a_foreign_class_card; tests/test_uldum_red_fixes.py::test_bazaar_burglary_counts_each_other_class_card_added",DAL_714|DAL_716|ULD_326,其他把卡牌实体直接与 CardClass 枚举比较的事件或手牌筛选器,当前可收藏受影响卡牌均经逐卡行为测试转为 GREEN；历史失败证据保留归档。
BATTLECRY-EXTRA-001,Battlecry / repeat modifier,resolved_tested,腐化水源在六次真实战吼后发放英雄技能；实际使用英雄技能后，下一个 +2 生命值战吼仍只结算一次。奖励附魔与玩家 extra_battlecries 的传递需要核查。,fireplace/cards/uldum/shaman.py:74-91; fireplace/actions.py:1021-1080; reports/card_quality_full_2026-09-27/set_probe_ULDUM.csv#ULD_291::six_battlecries_reward_doubles_next_battlecry; 当前逐卡回归：tests/test_uldum_red_fixes.py::test_corrupt_the_waters_unlocks_and_temporarily_doubles_battlecries,ULD_291,其他施加 EXTRA_BATTLECRIES 标记的英雄技能或附魔,当前可收藏受影响卡牌均经逐卡行为测试转为 GREEN；历史失败证据保留归档。
QUEST-REENTRY-001,Quest reward / reentrant progress,resolved_tested,净化道路在第三次有效突袭召唤后奖励的突袭狮鹫再次满足任务条件，任务进度从 2 递归增至 6，实测出现三只 4/4 狮鹫而非一只。AddProgress 在执行奖励后才将任务移至墓地。,fireplace/actions.py:2151-2169; fireplace/cards/dragons/hunter.py:70-77; reports/card_quality_full_2026-09-27/drg_probe_c.csv#DRG_251::three_rush_summons_reward_gryphon; 当前逐卡回归：tests/test_dragons_red_fixes.py::test_clear_the_way_rewards_once_after_three_rush_summons,DRG_251,奖励动作自身会满足进度事件的其他任务；目前明显候选仅 DRG_251,当前可收藏受影响卡牌均经逐卡行为测试转为 GREEN；历史失败证据保留归档。
LOWEST-COST-001,Card selector / cost,resolved_tested,显眼的诱饵与冒险的召唤都写明按最低费用选牌，脚本却调用 LOWEST_ATK；手牌召唤和牌库抽取各用费用/攻击排序相反的牌实测选错。,fireplace/cards/uldum/neutral_epic.py:94-101; fireplace/cards/dalaran/paladin.py:83-92; reports/card_quality_full_2026-09-27/set_probe_ULDUM.csv#ULD_706::death_summons_lowest_cost_not_lowest_attack_from_each_hand; reports/card_quality_full_2026-09-27/set_probe_DALARAN.csv#DAL_727::draws_two_cost_watcher_instead_of_lower_attack_four_cost_warden; 当前逐卡回归：tests/test_uldum_red_fixes.py::test_blatant_decoy_summons_lowest_cost_minion_for_each_player; tests/test_dalaran_red_fixes.py::test_call_to_adventure_draws_lowest_cost_minion_and_buffs_it,ULD_706|DAL_727,其他文案写最低费用却调用 LOWEST_ATK 的脚本,当前可收藏受影响卡牌均经逐卡行为测试转为 GREEN；历史失败证据保留归档。
SUMMON-CONTROLLER-001,Summon / target controller,resolved_tested,疯狂召唤师先填满己方场面再尝试给对手召唤小鬼；Summon 在改写待召实体控制者之前检查其可召唤性，敌方空场和仅有六名随从两种局面均没有得到小鬼。,fireplace/actions.py:1673-1683; fireplace/cards/dalaran/neutral_rare.py:76-83; reports/card_quality_full_2026-09-27/set_probe_DALARAN.csv#DAL_751::battlecry_fills_each_board_to_seven_with_one_one_imps|DAL_751::empty_board_branch_fills_both_sides_to_seven; 当前逐卡回归：tests/test_dalaran_red_fixes.py::test_mad_summoner_fills_both_empty_boards_to_seven_with_imps; tests/test_dalaran_red_fixes.py::test_mad_summoner_respects_existing_board_capacity_on_both_sides,DAL_751,"其他在己方场满时调用 Summon(OPPONENT, ...) 的脚本",当前可收藏受影响卡牌均经逐卡行为测试转为 GREEN；历史失败证据保留归档。
WEAPON-DRAW-001,Deck weapon draw / durability enchantment,resolved_tested,海盗藏品文本要求从牌库抽武器并加一耐久；脚本却从 FRIENDLY_HAND 选武器，附魔增加 Health。唯一武器在牌库的实测中，施放后仍留在牌库且耐久不变。,fireplace/cards/outlands/warrior.py:97-106; reports/card_quality_full_2026-09-27/bt_probe_a.csv#BT_124::draws_weapon_with_one_extra_durability; 当前逐卡回归：tests/test_black_temple_red_fixes.py::test_corsair_cache_draws_weapon_from_deck_and_adds_durability,BT_124,其他从牌库抽装备却筛选 FRIENDLY_HAND 的脚本；以 health 实现武器耐久的附魔,当前可收藏受影响卡牌均经逐卡行为测试转为 GREEN；历史失败证据保留归档。
SUMMON-COUNT-001,Battlecry / summon count,resolved_tested,女猎手召唤战吼文本要求给对手召唤三只 1/1，脚本只有一次 Summon；实测敌方只得到一只。,fireplace/cards/outlands/neutral_common.py:33-37; reports/card_quality_full_2026-09-27/bt_probe_b.csv#BT_159::battlecry_summons_three_one_one_tokens_for_opponent; 当前逐卡回归：tests/test_black_temple_red_fixes.py::test_terrorguard_escapee_summons_three_tokens_for_opponent,BT_159,其他文本写明召唤多份而脚本仅调用一次 Summon 的战吼,当前可收藏受影响卡牌均经逐卡行为测试转为 GREEN；历史失败证据保留归档。
DRAWN-THIS-TURN-001,Drawn-this-turn / battlecry branch,resolved_tested,凯尔丹的实体从牌库抽入手牌后 drawn_this_turn 与 powered_up 均为真，但打出时没有消灭场上其他随从；普通定向消灭分支可用。,fireplace/cards/outlands/warlock.py:8-17; reports/card_quality_full_2026-09-27/bt_probe_b.csv#BT_196::drawn_this_turn_battlecry_destroys_all_other_minions; 当前逐卡回归：tests/test_black_temple_red_fixes.py::test_kelidan_held_from_prior_turn_destroys_only_selected_minion; tests/test_black_temple_red_fixes.py::test_kelidan_drawn_this_turn_destroys_all_other_minions_without_target,BT_196,其他依赖 DRAWN_THIS_TURN 动态条件且在 Play 中用布尔组合的牌,当前可收藏受影响卡牌均经逐卡行为测试转为 GREEN；历史失败证据保留归档。
SPELLPOWER-TIMING-001,Spell Damage / Play trigger timing,resolved_tested,星界使者给下一张法术的 +2 法伤附魔在该法术 Play.ON 时即销毁，月火术实际只造成 1 点而非 3 点，之后法伤才归零。,fireplace/cards/boomsday/mage.py:22-31; reports/card_quality_full_2026-09-27/set_probe_BOOMSDAY.csv#BOT_531::spell_damage_two_applies_only_to_next_spell; 当前逐卡回归：tests/test_boomsday_shaman_mage_neutral_red_fixes.py::test_celestial_emissary_gives_spell_damage_to_only_the_next_spell; tests/test_boomsday_shaman_mage_neutral_red_fixes.py::test_celestial_emissary_expires_at_its_controller_turn_end,BOT_531,其他在 Play.ON 移除下一张法术临时增益的附魔,当前可收藏受影响卡牌均经逐卡行为测试转为 GREEN；历史失败证据保留归档。
RANDOM-SELF-001,Random target / self exclusion,resolved_tested,松散标本使用 RANDOM_FRIENDLY_MINION，没有排除自身；单个其他友军在场时 6 点伤害分配为标本自身 4 点、友军 2 点。,fireplace/cards/boomsday/neutral_epic.py:71-75; reports/card_quality_full_2026-09-27/set_probe_BOOMSDAY.csv#BOT_544::six_damage_randomly_split_among_other_friendly_minions; 当前逐卡回归：tests/test_boomsday_shaman_mage_neutral_red_fixes.py::test_loose_specimen_splits_six_damage_among_other_friendly_minions; tests/test_boomsday_shaman_mage_neutral_red_fixes.py::test_loose_specimen_with_no_other_friendly_minion_does_not_hit_itself,BOT_544,其他文案含 other friendly minions 却使用 RANDOM_FRIENDLY_MINION 的脚本,当前可收藏受影响卡牌均经逐卡行为测试转为 GREEN；历史失败证据保留归档。
RANDOM-ENEMY-CHARACTER-001,Random target / enemy characters,resolved_tested,"腐蚀吐息要求随机敌方角色，脚本却固定 Hit(ENEMY_HERO,5)；带一名敌方随从时 24 个独立种子仍只打英雄。",fireplace/cards/dragons/hunter.py:49-53; reports/card_quality_full_2026-09-27/set_probe_DRAGONS.csv#DRG_256::trigger_random_enemy_after_hero_power; 当前逐卡回归：tests/test_dragons_red_fixes.py::test_dragonbane_hits_a_random_enemy_character_after_hero_power,DRG_256,其他文案为随机敌方角色却写固定 ENEMY_HERO 的卡,当前可收藏受影响卡牌均经逐卡行为测试转为 GREEN；历史失败证据保留归档。
COST-SET-001,Cost modification / set versus add,resolved_tested,盗贼迦拉克隆写明抽到的牌费用变为 1；脚本附魔用 COST:1，被费用合成当作加 1。实测 4 费冰风雪人变为 5 费，未升级、两次祈求、四次祈求三个阶段均复现。,fireplace/cards/dragons/rogue.py:112-149; reports/card_quality_full_2026-09-27/set_probe_DRAGONS.csv#DRG_610::uninvoked_hero_draws_one_card_set_to_one_cost|DRG_610::two_real_invokes_draw_two_at_one_cost|DRG_610::four_real_invokes_draw_four_at_one_cost_and_claw; 当前逐卡回归：tests/test_dragons_red_fixes.py::test_galakrond_the_nightmare_draws_one_cost_cards_at_each_rank,DRG_610,其他用 GameTag.COST 数值表示费用置为固定值的附魔,当前可收藏受影响卡牌均经逐卡行为测试转为 GREEN；历史失败证据保留归档。
GIVE-COUNT-001,Give / card quantity,resolved_tested,聪明的伪装文案给两张外职业法术，实际仅给一张；光铸远征军文案给五张圣骑士牌，空中立牌库时实测仅给一张。两者脚本都只调用一次 Give。,fireplace/cards/uldum/rogue.py:90-94; fireplace/cards/dragons/paladin.py:34-42; reports/card_quality_full_2026-09-27/set_probe_ULDUM.csv#ULD_328::adds_two_random_spells_from_other_class; reports/card_quality_full_2026-09-27/set_probe_DRAGONS.csv#DRG_231::neutral_free_deck_generates_five_paladin_cards; 当前逐卡回归：tests/test_uldum_red_fixes.py::test_clever_disguise_adds_two_spells_from_other_classes; tests/test_dragons_red_fixes.py::test_lightforged_crusader_adds_five_paladin_cards_only_for_neutral_free_deck,ULD_328|DRG_231,其他文案要求多个生成卡但脚本只有一次 Give 的实现,当前可收藏受影响卡牌均经逐卡行为测试转为 GREEN；历史失败证据保留归档。
TARGET-REQ-DRAGON-001,Targeting / conditional requirement,resolved_tested,闪电吐息把选随从目标的要求限定在持龙条件，导致无龙分支打出后 TARGET 为空，基础 4 点伤害未发生；持龙分支的伤害已实测正常。,fireplace/cards/dragons/shaman.py:97-106; reports/card_quality_full_2026-09-27/set_probe_DRAGONS.csv#DRG_219::without_dragon_only_target_takes_damage|DRG_219::holding_dragon_damages_target_and_adjacent_minions; 当前逐卡回归：tests/test_dragons_red_fixes.py::test_lightning_breath_hits_target_and_neighbors_only_with_dragon,DRG_219,其他把无条件目标要求写成条件目标要求的卡,当前可收藏受影响卡牌均经逐卡行为测试转为 GREEN；历史失败证据保留归档。
