card_id,case_id,expected,observed,outcome,notes
OG_272,deathrattle_exact_5_5,"Upon death, source reaches Graveyard and exactly one 5/5 Faceless Destroyer is summoned.",source=GRAVEYARD;faceless=1x5/5,pass,实际死亡结算检查衍生物数量、属性与双方区域状态。; EN=Deathrattle: Summon a 5/5 Faceless Destroyer.; ZH=亡语：召唤一个5/5的无面破坏者。; source=fireplace/cards/wog/neutral_epic.py:47; existing_tests=none; prior=GREEN:本轮逐卡行为用例全部通过：deathrattle_exact_5_5=source=GRAVEYARD;faceless=1x5/5; deathrattle_one_open_slot=board=7;faceless=1
OG_272,deathrattle_one_open_slot,"With one free board slot, death summons one 5/5 and keeps the board at seven.",board=7;faceless=1,pass,检查亡语召唤遵守七格上限。; EN=Deathrattle: Summon a 5/5 Faceless Destroyer.; ZH=亡语：召唤一个5/5的无面破坏者。; source=fireplace/cards/wog/neutral_epic.py:47; existing_tests=none; prior=GREEN:本轮逐卡行为用例全部通过：deathrattle_exact_5_5=source=GRAVEYARD;faceless=1x5/5; deathrattle_one_open_slot=board=7;faceless=1
OG_273,summon_five_recruits,Spell resolves to exactly five 1/1 Silver Hand Recruits.,spell=GRAVEYARD;tokens=5x1/1;board=5,pass,从空场检查五个随从的 ID 与属性，并核对法术离手。; EN=Summon five 1/1 Silver Hand Recruits.; ZH=召唤五个1/1的白银之手新兵。; source=fireplace/cards/wog/paladin.py:55; existing_tests=none; prior=GREEN:本轮逐卡行为用例全部通过：summon_five_recruits=spell=GRAVEYARD;tokens=5x1/1;board=5; summon_at_board_cap=board=7;recruits=1
OG_273,summon_at_board_cap,"With one open slot, exactly one Recruit is summoned and board remains at seven.",board=7;recruits=1,pass,检查满场边界下剩余召唤被阻止。; EN=Summon five 1/1 Silver Hand Recruits.; ZH=召唤五个1/1的白银之手新兵。; source=fireplace/cards/wog/paladin.py:55; existing_tests=none; prior=GREEN:本轮逐卡行为用例全部通过：summon_five_recruits=spell=GRAVEYARD;tokens=5x1/1;board=5; summon_at_board_cap=board=7;recruits=1
OG_276,copy_damaged_friendly_minions_only,Adds one 4/5 Yeti copy for the damaged friendly Yeti; full-health friendly and damaged enemy Yetis are not copied.,"copies=[(4, 5)];friendly_damaged=3;friendly_full=5;enemy_damaged=3",pass,"使用同名随从区分受伤状态和控制方，并核对手牌副本属性及原随从状态。; EN=Add a copy of each damaged friendly minion to your hand.; ZH=复制所有受伤的友方随从，并将其置入你的手牌。; source=fireplace/cards/wog/warrior.py:54; existing_tests=tests/test_wog.py:89:test_blood_warriors; prior=GREEN:本轮逐卡行为用例全部通过：copy_damaged_friendly_minions_only=copies=[(4, 5)];friendly_damaged=3;friendly_full=5;enemy_damaged=3"
OG_280,battlecry_attack_damage_randomly_split,"Across fixed seeds after a real +2/+2 C'Thun buff, total 8 damage equals current Attack, only enemy characters are hit, and both enemy minions and hero appear as candidates.","16_seeds_damage=620:6+2,621:8+0,622:6+2,623:3+5,624:4+4,625:7+1,626:4+4,627:3+5,628:5+3,629:5+3,630:5+3,631:4+4,632:4+4,633:3+5,634:5+3,635:7+1;all_random_targets_seen=['enemy_hero', 'enemy_minion_1', 'enemy_minion_2']",pass,"16个固定种子先用邪灵召唤师实际增益克苏恩，再核对攻击力总伤害和三个敌方随机候选均出现。; EN=Battlecry: Deal damage equal to this minion's Attack randomly split among all enemies.; ZH=战吼： 造成等同于该随从攻击力的伤害，随机分配到所有敌人身上。; source=fireplace/cards/wog/neutral_legendary.py:86; existing_tests=tests/test_wog.py:627:test_buff_cthun; prior=GREEN:本轮逐卡行为用例全部通过：battlecry_attack_damage_randomly_split=16_seeds_damage=620:6+2,621:8+0,622:6+2,623:3+5,624:4+4,625:7+1,626:4+4,627:3+5,628:5+3,629:5+3,630:5+3,631:4+4,632:4+4,633:3+5,634:5+3,635:7+1;all_random_targets_seen=['enemy_hero', 'enemy_minion_1', 'enemy_minion_2']; battlecry_lethal_random_target_removed_and_damage_continues=buffed_cthun_attack=8;lethal_minion_removed_then_damage_continues;seeds=636:attack=8;minion=1/GRAVEYARD;hero=7;637:attack=8;minion=1/GRAVEYARD;hero=7;638:attack=8;minion=1/GRAVEYARD;hero=7;639:attack=8;minion=1/GRAVEYARD;hero=7;640:attack=8;minion=1/GRAVEYARD;hero=7;641:attack=8;minion=1/GRAVEYARD;hero=7;642:attack=8;minion=1/GRAVEYARD;hero=7;643:attack=8;minion=1/GRAVEYARD;hero=7;644:attack=8;minion=1/GRAVEYARD;hero=7;645:attack=8;minion=1/GRAVEYARD;hero=7;646:attack=8;minion=1/GRAVEYARD;hero=7;647:attack=8;minion=1/GRAVEYARD;hero=7;648:attack=8;minion=1/GRAVEYARD;hero=7;649:attack=8;minion=1/GRAVEYARD;hero=7;650:attack=8;minion=1/GRAVEYARD;hero=7;651:attack=8;minion=1/GRAVEYARD;hero=7"
OG_280,battlecry_lethal_random_target_removed_and_damage_continues,"With a 1-Health enemy minion and buffed 8-Attack C'Thun, its lethal hit removes the minion and remaining damage still reaches eligible enemies.",buffed_cthun_attack=8;lethal_minion_removed_then_damage_continues;seeds=636:attack=8;minion=1/GRAVEYARD;hero=7;637:attack=8;minion=1/GRAVEYARD;hero=7;638:attack=8;minion=1/GRAVEYARD;hero=7;639:attack=8;minion=1/GRAVEYARD;hero=7;640:attack=8;minion=1/GRAVEYARD;hero=7;641:attack=8;minion=1/GRAVEYARD;hero=7;642:attack=8;minion=1/GRAVEYARD;hero=7;643:attack=8;minion=1/GRAVEYARD;hero=7;644:attack=8;minion=1/GRAVEYARD;hero=7;645:attack=8;minion=1/GRAVEYARD;hero=7;646:attack=8;minion=1/GRAVEYARD;hero=7;647:attack=8;minion=1/GRAVEYARD;hero=7;648:attack=8;minion=1/GRAVEYARD;hero=7;649:attack=8;minion=1/GRAVEYARD;hero=7;650:attack=8;minion=1/GRAVEYARD;hero=7;651:attack=8;minion=1/GRAVEYARD;hero=7,pass,"在另一组固定种子中校验致死目标离开候选池后伤害仍按克苏恩攻击力结算。; EN=Battlecry: Deal damage equal to this minion's Attack randomly split among all enemies.; ZH=战吼： 造成等同于该随从攻击力的伤害，随机分配到所有敌人身上。; source=fireplace/cards/wog/neutral_legendary.py:86; existing_tests=tests/test_wog.py:627:test_buff_cthun; prior=GREEN:本轮逐卡行为用例全部通过：battlecry_attack_damage_randomly_split=16_seeds_damage=620:6+2,621:8+0,622:6+2,623:3+5,624:4+4,625:7+1,626:4+4,627:3+5,628:5+3,629:5+3,630:5+3,631:4+4,632:4+4,633:3+5,634:5+3,635:7+1;all_random_targets_seen=['enemy_hero', 'enemy_minion_1', 'enemy_minion_2']; battlecry_lethal_random_target_removed_and_damage_continues=buffed_cthun_attack=8;lethal_minion_removed_then_damage_continues;seeds=636:attack=8;minion=1/GRAVEYARD;hero=7;637:attack=8;minion=1/GRAVEYARD;hero=7;638:attack=8;minion=1/GRAVEYARD;hero=7;639:attack=8;minion=1/GRAVEYARD;hero=7;640:attack=8;minion=1/GRAVEYARD;hero=7;641:attack=8;minion=1/GRAVEYARD;hero=7;642:attack=8;minion=1/GRAVEYARD;hero=7;643:attack=8;minion=1/GRAVEYARD;hero=7;644:attack=8;minion=1/GRAVEYARD;hero=7;645:attack=8;minion=1/GRAVEYARD;hero=7;646:attack=8;minion=1/GRAVEYARD;hero=7;647:attack=8;minion=1/GRAVEYARD;hero=7;648:attack=8;minion=1/GRAVEYARD;hero=7;649:attack=8;minion=1/GRAVEYARD;hero=7;650:attack=8;minion=1/GRAVEYARD;hero=7;651:attack=8;minion=1/GRAVEYARD;hero=7"
OG_281,battlecry_buffs_cthun_in_all_zones,"C'Thun in hand, deck, and play each gain exactly +2/+2; tracked C'Thun state stays synchronized.","cthun_zone_buffs=hand=8/8,deck=8/8,board=8/8;tracked_state_synced=True",pass,"分别在手牌、牌库、场上设置克苏恩，独立对局验证‘无论在哪里’。; EN=Battlecry: Give your C'Thun +2/+2 (wherever it is).; ZH=战吼：使你的克苏恩获得+2/+2（无论它在哪里）。; source=fireplace/cards/wog/neutral_common.py:8; existing_tests=tests/test_wog.py:624:test_buff_cthun | tests/test_wog.py:656:test_twin_emperor | tests/test_wog.py:657:test_twin_emperor; prior=GREEN:本轮逐卡行为用例全部通过：battlecry_buffs_cthun_in_all_zones=cthun_zone_buffs=hand=8/8,deck=8/8,board=8/8;tracked_state_synced=True"
OG_282,battlecry_destroy_and_add_healthy_stats,Destroys target minion and adds its Attack and Health to C'Thun.,"target=GRAVEYARD;cthun=10/11;base=(6, 6, 4, 5);expected=(10, 11)",pass,对满血敌方随从验证合法目标、死亡区域与属性增量。; EN=Battlecry: Destroy a minion. Add its Attack and Health to your C'Thun's (wherever it is).; ZH=战吼：消灭一个随从。你的克苏恩会获得其攻击力和生命值（无论它在哪里）。; source=fireplace/cards/wog/rogue.py:55; existing_tests=none; prior=YELLOW:受伤目标测试记录了实现加值，但官方卡牌页仅写 Attack and Health，未明确取当前生命还是最大生命；其他规则资料仅间接支持按当前生命处理，缺少该交互的原版权威证据，按保守标准暂留 YELLOW。
OG_282,battlecry_damaged_target_health_interpretation_observed,"For a damaged Yeti, record the actual Health added and compare it with current-Health and maximum-Health interpretations; this case does not assume which interpretation is authoritative.","damaged_target_current=2;max_health=5;cthun_actual=(10, 8);current_health_interpretation=8;max_health_interpretation=11",pass,对受伤目标分别计算当前生命与最大生命对应的增量，并记录实测结果；不预设规则解释。; EN=Battlecry: Destroy a minion. Add its Attack and Health to your C'Thun's (wherever it is).; ZH=战吼：消灭一个随从。你的克苏恩会获得其攻击力和生命值（无论它在哪里）。; source=fireplace/cards/wog/rogue.py:55; existing_tests=none; prior=YELLOW:受伤目标测试记录了实现加值，但官方卡牌页仅写 Attack and Health，未明确取当前生命还是最大生命；其他规则资料仅间接支持按当前生命处理，缺少该交互的原版权威证据，按保守标准暂留 YELLOW。
OG_283,battlecry_cthun_buff_wherever_and_divine_shield_combat,"C'Thun in hand, deck, and play each gains +2/+2; Divine Shield absorbs an actual attack in every zone case.","hand=cthun:8/8,shield_absorbed=True;deck=cthun:8/8,shield_absorbed=True;board=cthun:8/8,shield_absorbed=True",pass,"每个区域独立对局检查战吼增益，并以敌方随从攻击验证圣盾。; EN=[x]Divine Shield Battlecry: Give your C'Thun +2/+2 (wherever it is).; ZH=圣盾，战吼：使你的克苏恩获得+2/+2（无论它在哪里）。; source=fireplace/cards/wog/neutral_common.py:14; existing_tests=none; prior=GREEN:本轮逐卡行为用例全部通过：battlecry_cthun_buff_wherever_and_divine_shield_combat=hand=cthun:8/8,shield_absorbed=True;deck=cthun:8/8,shield_absorbed=True;board=cthun:8/8,shield_absorbed=True"
OG_284,battlecry_grants_cthun_taunt_wherever,"Twilight Geomancer has Taunt and gives Taunt to C'Thun in hand, deck, or play.","hand=cthun_taunt:True,geomancer_taunt:1;deck=cthun_taunt:True,geomancer_taunt:1;board=cthun_taunt:True,geomancer_taunt:1",pass,"手牌、牌库、场上分别设置克苏恩，逐局检查两个嘲讽状态。; EN=[x]Taunt Battlecry: Give your C'Thun Taunt (wherever it is).; ZH=嘲讽，战吼：使你的克苏恩获得嘲讽（无论它在哪里）。; source=fireplace/cards/wog/neutral_common.py:20; existing_tests=tests/test_wog.py:622:test_buff_cthun; prior=GREEN:本轮逐卡行为用例全部通过：battlecry_grants_cthun_taunt_wherever=hand=cthun_taunt:True,geomancer_taunt:1;deck=cthun_taunt:True,geomancer_taunt:1;board=cthun_taunt:True,geomancer_taunt:1"
OG_286,own_turn_end_cthun_buff_wherever,"At the owner's turn end, C'Thun in hand, deck, or play gains exactly +1/+1.","owner_end_cthun_buffs=['hand=(7, 7)', 'deck=(7, 7)', 'board=(7, 7)']",pass,"不同区域的克苏恩各自经历一个真实己方回合结束触发。; EN=At the end of your turn, give your C'Thun +1/+1 (wherever it is).; ZH=在你的回合结束时，使你的克苏恩 获得+1/+1（无论它在哪里）。; source=fireplace/cards/wog/neutral_common.py:29; existing_tests=none; prior=GREEN:本轮逐卡行为用例全部通过：own_turn_end_cthun_buff_wherever=owner_end_cthun_buffs=['hand=(7, 7)', 'deck=(7, 7)', 'board=(7, 7)']"
OG_290,own_turn_start_draws_deck_ten_cost_minion,"On the owner's next turn start, exactly one 10-cost minion leaves the deck for hand; non-10-cost minion stays.","16_seeded_10_cost_choices=710:OG_280,711:OG_317,712:OG_317,713:OG_317,714:OG_280,715:OG_280,716:OG_317,717:OG_280,718:OG_280,719:OG_317,720:OG_317,721:OG_317,722:OG_317,723:OG_280,724:OG_280,725:OG_317;seen=['OG_280', 'OG_317'];normal_draw=CS2_182",pass,"准备两张10费随从与一个非随从条件的随从，跨回合采样随机抽取范围与落区。; EN=At the start of your turn, put a 10-Cost minion from your deck into your hand.; ZH=在你的回合开始时，将一个法力值消耗为（10）的随从从你的牌库置入你的手牌。; source=fireplace/cards/wog/neutral_epic.py:53; existing_tests=tests/test_wog.py:39:test_ancient_harbinger; prior=GREEN:本轮逐卡行为用例全部通过：own_turn_start_draws_deck_ten_cost_minion=16_seeded_10_cost_choices=710:OG_280,711:OG_317,712:OG_317,713:OG_317,714:OG_280,715:OG_280,716:OG_317,717:OG_280,718:OG_280,719:OG_317,720:OG_317,721:OG_317,722:OG_317,723:OG_280,724:OG_280,725:OG_317;seen=['OG_280', 'OG_317'];normal_draw=CS2_182"
OG_291,battlecry_adds_one_one_cost_one_copy,Chosen friendly minion yields a 1/1 copy costing 1 in hand; source and enemy minions remain unchanged.,"(1, 1, 4)",confirmed_error,"对受伤友方随从复制，检查副本属性/费用与原随从区域。; EN=Battlecry: Choose a friendly minion. Add a 1/1 copy to your hand that costs (1).; ZH=战吼：选择一个友方随从，将它的一张1/1的复制置入你的手牌，其法力值消耗为（1）点。; source=fireplace/cards/wog/rogue.py:39; existing_tests=none; prior=RED:实战断言确认偏差：battlecry_adds_one_one_cost_one_copy expected=Chosen friendly minion yields a 1/1 copy costing 1 in hand; source and enemy minions remain unchanged. actual=(1, 1, 4)"
OG_291,targeting_rejects_enemy_minion,"An enemy minion is not a legal target; rejected play preserves card, mana, and board.",illegal_target_rejected=True;caster=HAND;mana=10;friendly=PLAY;enemy=PLAY,pass,"验证友方目标限制及非法目标无副作用。; EN=Battlecry: Choose a friendly minion. Add a 1/1 copy to your hand that costs (1).; ZH=战吼：选择一个友方随从，将它的一张1/1的复制置入你的手牌，其法力值消耗为（1）点。; source=fireplace/cards/wog/rogue.py:39; existing_tests=none; prior=RED:实战断言确认偏差：battlecry_adds_one_one_cost_one_copy expected=Chosen friendly minion yields a 1/1 copy costing 1 in hand; source and enemy minions remain unchanged. actual=(1, 1, 4)"
OG_292,battlecry_buffs_deathrattle_minions_only,All Deathrattle minions in hand gain +1/+1; non-Deathrattle Wisp remains 1/1.,"deathrattle_hand=OG_323:5/3,FP1_002:2/3;plain=1/1",pass,"同时放置两个亡语随从与白板，核对手牌增益范围。; EN=Battlecry: Give all Deathrattle minions in your hand +1/+1.; ZH=战吼：使你手牌中所有亡语随从牌获得+1/+1。; source=fireplace/cards/wog/hunter.py:14; existing_tests=tests/test_wog.py:275:test_forlorn_stalker; prior=GREEN:本轮逐卡行为用例全部通过：battlecry_buffs_deathrattle_minions_only=deathrattle_hand=OG_323:5/3,FP1_002:2/3;plain=1/1"
OG_293,battlecry_cthun_plus_three_three_wherever,"Battlecry gives C'Thun in hand, deck, or play exactly +3/+3; Dark Arakkoa is Taunt.","cthun=['hand=9/9', 'deck=9/9', 'board=9/9'];dark_arakkoa_taunt=True",pass,"在三个区域分别检查克苏恩增量及鸦人嘲讽。; EN=[x]Taunt Battlecry: Give your C'Thun +3/+3 (wherever it is).; ZH=嘲讽，战吼：使你的克苏恩获得+3/+3（无论它在哪里）。; source=fireplace/cards/wog/druid.py:69; existing_tests=none; prior=GREEN:本轮逐卡行为用例全部通过：battlecry_cthun_plus_three_three_wherever=cthun=['hand=9/9', 'deck=9/9', 'board=9/9'];dark_arakkoa_taunt=True"
OG_295,battlecry_heals_twice_per_enemy_minion,Three enemy minions restore exactly 6 Health to a damaged friendly hero.,enemy_minions=3;hero=10->16;source=PLAY,pass,"按敌方随从数计算治疗，检查英雄生命上限未参与干扰。; EN=Battlecry: For each enemy minion, restore #2 Health to your hero.; ZH=战吼：每有一个敌方随从，便为你的英雄恢复#2点生命值。; source=fireplace/cards/wog/neutral_common.py:92; existing_tests=tests/test_wog.py:176:test_cult_apothecary; prior=GREEN:本轮逐卡行为用例全部通过：battlecry_heals_twice_per_enemy_minion=enemy_minions=3;hero=10->16;source=PLAY; battlecry_zero_enemy_minions_no_heal=enemy_minions=0;hero=10;source=PLAY"
OG_295,battlecry_zero_enemy_minions_no_heal,"With no enemy minions, Battlecry restores no Health.",enemy_minions=0;hero=10;source=PLAY,pass,"验证计数为零的边界。; EN=Battlecry: For each enemy minion, restore #2 Health to your hero.; ZH=战吼：每有一个敌方随从，便为你的英雄恢复#2点生命值。; source=fireplace/cards/wog/neutral_common.py:92; existing_tests=tests/test_wog.py:176:test_cult_apothecary; prior=GREEN:本轮逐卡行为用例全部通过：battlecry_heals_twice_per_enemy_minion=enemy_minions=3;hero=10->16;source=PLAY; battlecry_zero_enemy_minions_no_heal=enemy_minions=0;hero=10;source=PLAY"
OG_300,attack_kill_gains_two_two,"When an attack kills a minion, Boogeymonster gains exactly +2/+2.","target=GRAVEYARD;bogey=(6, 7, 7)->8/9/9",pass,"跨一个对手回合获得攻击权限，再实际攻击并确认目标死亡与增益。; EN=Whenever this attacks and kills a minion, gain +2/+2.; ZH=每当波戈蒙斯塔攻击并消灭一个随从，便获得+2/+2。; source=fireplace/cards/wog/neutral_legendary.py:56; existing_tests=none; prior=GREEN:本轮逐卡行为用例全部通过：attack_kill_gains_two_two=target=GRAVEYARD;bogey=(6, 7, 7)->8/9/9; attack_survivor_does_not_gain_buff=target=PLAY:1;bogey=6/7;no_buff=True"
OG_300,attack_survivor_does_not_gain_buff,An attack that leaves the minion alive grants no +2/+2.,target=PLAY:1;bogey=6/7;no_buff=True,pass,"验证“攻击并消灭”条件，而非单纯攻击触发。; EN=Whenever this attacks and kills a minion, gain +2/+2.; ZH=每当波戈蒙斯塔攻击并消灭一个随从，便获得+2/+2。; source=fireplace/cards/wog/neutral_legendary.py:56; existing_tests=none; prior=GREEN:本轮逐卡行为用例全部通过：attack_kill_gains_two_two=target=GRAVEYARD;bogey=(6, 7, 7)->8/9/9; attack_survivor_does_not_gain_buff=target=PLAY:1;bogey=6/7;no_buff=True"
OG_301,battlecry_below_ten_cthun_no_armor,"At 8 C'Thun Attack, Ancient Shieldbearer grants no Armor.",cthun_atk=8;armor=0->0;source=PLAY,pass,"用一次已验证的+2/+2克苏恩战吼构造8攻阈值下局面，独立检查护甲未变化。; EN=Battlecry: If your C'Thun has at least 10 Attack, gain 10 Armor.; ZH=战吼： 如果你的克苏恩具有至少10点攻击力，则获得10点护甲值。; source=fireplace/cards/wog/warrior.py:44; existing_tests=none; prior=GREEN:本轮逐卡行为用例全部通过：battlecry_below_ten_cthun_no_armor=cthun_atk=8;armor=0->0;source=PLAY; battlecry_ten_attack_cthun_gains_ten_armor=cthun_atk=10;armor=0->10;source=PLAY"
OG_301,battlecry_ten_attack_cthun_gains_ten_armor,"At exactly 10 C'Thun Attack, Battlecry grants 10 Armor.",cthun_atk=10;armor=0->10;source=PLAY,pass,"用两次已验证的+2/+2克苏恩战吼构造恰好10攻，检查等号边界与10点护甲。; EN=Battlecry: If your C'Thun has at least 10 Attack, gain 10 Armor.; ZH=战吼： 如果你的克苏恩具有至少10点攻击力，则获得10点护甲值。; source=fireplace/cards/wog/warrior.py:44; existing_tests=none; prior=GREEN:本轮逐卡行为用例全部通过：battlecry_below_ten_cthun_no_armor=cthun_atk=8;armor=0->0;source=PLAY; battlecry_ten_attack_cthun_gains_ten_armor=cthun_atk=10;armor=0->10;source=PLAY"
OG_302,friendly_death_only_buffs_cthun_wherever,"Friendly minion death gives C'Thun in hand, deck, or play +1/+1; an enemy death gives nothing.","['hand=friendly_death:(6, 6);after_enemy_death:(6, 6)', 'deck=friendly_death:(6, 6);after_enemy_death:(6, 6)', 'board=friendly_death:(6, 6);after_enemy_death:(6, 6)']",confirmed_error,"每个区域独立结算友方与敌方死亡，检查触发控制方及克苏恩状态。; EN=Whenever a friendly minion dies, give your C'Thun +1/+1 (wherever it is).; ZH=每当一个友方随从死亡时，使你的克苏恩 获得+1/+1（无论它在哪里）。; source=fireplace/cards/wog/warlock.py:41; existing_tests=none; prior=RED:实战断言确认偏差：friendly_death_only_buffs_cthun_wherever expected=Friendly minion death gives C'Thun in hand, deck, or play +1/+1; an enemy death gives nothing. actual=['hand=friendly_death:(6, 6);after_enemy_death:(6, 6)', 'deck=friendly_death:(6, 6);after_enemy_death:(6, 6)', 'board=friendly_death:(6, 6);after_enemy_death:(6, 6)']"
OG_303,own_spell_damage_and_cthun_buff_wherever,"Cult Sorcerer increases Moonfire damage by 1 and the cast then gives C'Thun in hand, deck, or play +1/+1.","spellpower_and_cthun=['hand=hero:28,cthun:7/7', 'deck=hero:28,cthun:7/7', 'board=hero:28,cthun:7/7']",pass,"三个克苏恩区域分别实际施放 Moonfire，检查法伤数值、顺序和增益。; EN=[x]Spell Damage +1 After you cast a spell, give your C'Thun +1/+1 (wherever it is).; ZH=法术伤害+1 在你施放一个法术后，使你的克苏恩获得+1/+1（无论它在哪里）。; source=fireplace/cards/wog/mage.py:8; existing_tests=none; prior=GREEN:本轮逐卡行为用例全部通过：own_spell_damage_and_cthun_buff_wherever=spellpower_and_cthun=['hand=hero:28,cthun:7/7', 'deck=hero:28,cthun:7/7', 'board=hero:28,cthun:7/7']; opponent_spell_does_not_buff_own_cthun=enemy_cast_cthun=6/6;unchanged=(6, 6)"
OG_303,opponent_spell_does_not_buff_own_cthun,An opponent's spell does not trigger the controller's OWN_SPELL_PLAY C'Thun buff.,"enemy_cast_cthun=6/6;unchanged=(6, 6)",pass,"使用对手法术验证控制方限制。; EN=[x]Spell Damage +1 After you cast a spell, give your C'Thun +1/+1 (wherever it is).; ZH=法术伤害+1 在你施放一个法术后，使你的克苏恩获得+1/+1（无论它在哪里）。; source=fireplace/cards/wog/mage.py:8; existing_tests=none; prior=GREEN:本轮逐卡行为用例全部通过：own_spell_damage_and_cthun_buff_wherever=spellpower_and_cthun=['hand=hero:28,cthun:7/7', 'deck=hero:28,cthun:7/7', 'board=hero:28,cthun:7/7']; opponent_spell_does_not_buff_own_cthun=enemy_cast_cthun=6/6;unchanged=(6, 6)"
OG_308,attack_kill_may_attack_again,"After killing a minion, Giant Sand Worm can make another attack that turn.",first=GRAVEYARD;second=GRAVEYARD;third=GRAVEYARD;worm=PLAY;three_kill_attacks_succeeded=True,pass,"实际进行两次攻击，检查两名受击随从的死亡与额外攻击状态。; EN=Whenever this attacks and kills a minion, it may attack again.; ZH=每当该随从攻击并消灭一个随从，便可再次攻击。; source=fireplace/cards/wog/hunter.py:41; existing_tests=none; prior=GREEN:本轮逐卡行为用例全部通过：attack_kill_may_attack_again=first=GRAVEYARD;second=GRAVEYARD;third=GRAVEYARD;worm=PLAY;three_kill_attacks_succeeded=True; survivor_does_not_grant_extra_attack=target=PLAY:4;second_attack=rejected"
OG_308,survivor_does_not_grant_extra_attack,"If the attacked minion survives, a second attack is rejected.",target=PLAY:4;second_attack=rejected,pass,"验证触发条件依赖本次攻击击杀随从。; EN=Whenever this attacks and kills a minion, it may attack again.; ZH=每当该随从攻击并消灭一个随从，便可再次攻击。; source=fireplace/cards/wog/hunter.py:41; existing_tests=none; prior=GREEN:本轮逐卡行为用例全部通过：attack_kill_may_attack_again=first=GRAVEYARD;second=GRAVEYARD;third=GRAVEYARD;worm=PLAY;three_kill_attacks_succeeded=True; survivor_does_not_grant_extra_attack=target=PLAY:4;second_attack=rejected"
OG_309,battlecry_triggers_selected_friendly_deathrattle,"Princess Huhuran triggers the selected friendly Polluted Hoarder's Deathrattle, draws the known top card, and leaves the Hoarder alive.",drawn=CS2_231:HAND;hoarder=PLAY;princess=PLAY;deck=0,pass,检查触发亡语与摧毁目标的区别，并核对牌库/手牌落区。; EN=Battlecry: Trigger a friendly minion's Deathrattle.; ZH=战吼：触发一个友方随从的亡语。; source=fireplace/cards/wog/hunter.py:29; existing_tests=none; prior=GREEN:本轮逐卡行为用例全部通过：battlecry_triggers_selected_friendly_deathrattle=drawn=CS2_231:HAND;hoarder=PLAY;princess=PLAY;deck=0
OG_310,summon_trigger_divine_shield_domain,A friendly 1-Health Wisp gets Divine Shield; friendly 5-Health Yeti and enemy Wisp do not.,friendly_1hp_shield=True;friendly_5hp_shield=False;enemy_1hp_shield=False,pass,"分开检查友方控制、召唤事件与初始生命值条件。; EN=Whenever you summon a 1-Health minion, give it Divine Shield.; ZH=每当你召唤一个生命值为1的随从，便使其获得圣盾。; source=fireplace/cards/wog/paladin.py:33; existing_tests=tests/test_wog.py:512:test_steward_of_darkshire; prior=GREEN:本轮逐卡行为用例全部通过：summon_trigger_divine_shield_domain=friendly_1hp_shield=True;friendly_5hp_shield=False;enemy_1hp_shield=False"
OG_311,discover_choose_and_buff_selected_minion,Offers three legal minion options; chosen card alone enters hand and receives +1/+1.,"16_seeded_discover_choose;chosen_ids=['BOT_700', 'BT_019', 'CFM_325', 'CS2_142', 'CS2_161', 'EX1_102', 'EX1_616', 'GIL_558', 'GVG_076', 'GVG_102', 'ICC_801', 'KAR_036', 'LOE_107', 'OG_322', 'TRL_505', 'TRL_524'];all_options_minions_class_legal=True;chosen_plus_one_one=True",pass,"对16个固定种子逐局检查候选类别、选择关闭、手牌身份和所选属性增益。; EN=Discover a minion. Give it +1/+1.; ZH=发现一张随从牌。使其获得+1/+1。; source=fireplace/cards/wog/paladin.py:62; existing_tests=tests/test_wog.py:6:test_a_light_in_the_darkness; prior=GREEN:本轮逐卡行为用例全部通过：discover_choose_and_buff_selected_minion=16_seeded_discover_choose;chosen_ids=['BOT_700', 'BT_019', 'CFM_325', 'CS2_142', 'CS2_161', 'EX1_102', 'EX1_616', 'GIL_558', 'GVG_076', 'GVG_102', 'ICC_801', 'KAR_036', 'LOE_107', 'OG_322', 'TRL_505', 'TRL_524'];all_options_minions_class_legal=True;chosen_plus_one_one=True"
OG_312,battlecry_equips_rusty_hook,N'Zoth's First Mate equips exactly one 1/3 Rusty Hook.,battlecry_weapon=OG_058:1/3;hero_attack=1,pass,核对武器 ID、攻击力、耐久度与装备区域。; EN=Battlecry: Equip a 1/3 Rusty Hook.; ZH=战吼：装备一把1/3的锈蚀铁钩。; source=fireplace/cards/wog/warrior.py:29; existing_tests=none; prior=GREEN:本轮逐卡行为用例全部通过：battlecry_equips_rusty_hook=battlecry_weapon=OG_058:1/3;hero_attack=1; battlecry_replaces_existing_weapon=old_weapon=GRAVEYARD;new_weapon=OG_058:1/3;mate=PLAY
OG_312,battlecry_replaces_existing_weapon,"If a weapon is already equipped, Rusty Hook replaces it and the old weapon reaches Graveyard.",old_weapon=GRAVEYARD;new_weapon=OG_058:1/3;mate=PLAY,pass,验证装备交互与旧武器区域变化。; EN=Battlecry: Equip a 1/3 Rusty Hook.; ZH=战吼：装备一把1/3的锈蚀铁钩。; source=fireplace/cards/wog/warrior.py:29; existing_tests=none; prior=GREEN:本轮逐卡行为用例全部通过：battlecry_equips_rusty_hook=battlecry_weapon=OG_058:1/3;hero_attack=1; battlecry_replaces_existing_weapon=old_weapon=GRAVEYARD;new_weapon=OG_058:1/3;mate=PLAY
OG_313,after_friendly_summon_buffs_only_friendly,A newly summoned friendly Wisp becomes 2/2; an enemy Wisp stays 1/1.,ally=2/2;enemy=1/1;grizzly=PLAY,pass,"使用引擎 summon 事件检查触发控制方和新随从增益。; EN=After you summon a minion, give it +1/+1.; ZH=在你召唤一个随从后，使其获得+1/+1。; source=fireplace/cards/wog/druid.py:51; existing_tests=tests/test_wog.py:23:test_addled_grizzly | tests/test_wog.py:24:test_addled_grizzly; prior=GREEN:本轮逐卡行为用例全部通过：after_friendly_summon_buffs_only_friendly=ally=2/2;enemy=1/1;grizzly=PLAY"
OG_314,one_damage_survivor_summons_two_two,A minion that survives 1 damage causes one 2/2 Slime to be summoned.,target=PLAY:1;slimes=1x2/2;spell=GRAVEYARD,pass,"核对存活目标受伤、友方泥浆怪属性和法术区域。; EN=Deal $1 damage to a minion. If it survives, summon a 2/2 Slime.; ZH=对一个随从造成$1点伤害，如果它依然存活，则召唤一个2/2的泥浆怪。; source=fireplace/cards/wog/warrior.py:60; existing_tests=tests/test_wog.py:69:test_blood_to_ichor | tests/test_wog.py:66:test_blood_to_ichor; prior=GREEN:本轮逐卡行为用例全部通过：one_damage_survivor_summons_two_two=target=PLAY:1;slimes=1x2/2;spell=GRAVEYARD; one_damage_kill_no_slime=target=GRAVEYARD;slimes=0;spell=GRAVEYARD"
OG_314,one_damage_kill_no_slime,A target killed by 1 damage produces no Slime.,target=GRAVEYARD;slimes=0;spell=GRAVEYARD,pass,"验证存活分支为假时不召唤。; EN=Deal $1 damage to a minion. If it survives, summon a 2/2 Slime.; ZH=对一个随从造成$1点伤害，如果它依然存活，则召唤一个2/2的泥浆怪。; source=fireplace/cards/wog/warrior.py:60; existing_tests=tests/test_wog.py:69:test_blood_to_ichor | tests/test_wog.py:66:test_blood_to_ichor; prior=GREEN:本轮逐卡行为用例全部通过：one_damage_survivor_summons_two_two=target=PLAY:1;slimes=1x2/2;spell=GRAVEYARD; one_damage_kill_no_slime=target=GRAVEYARD;slimes=0;spell=GRAVEYARD"
OG_315,battlecry_weapon_buff_requires_other_pirate,First Cultist with no other Pirate does not buff weapon; a later one with another Pirate gives +1 Attack/+1 Durability.,without_other_pirate=1/4;with_other_pirate=2/5,pass,"同一局面先后验证“其他海盗”条件与武器属性改变。; EN=Battlecry: If you control another Pirate, give your weapon +1/+1.; ZH=战吼：如果你控制其他任何海盗，你的武器便获得+1/+1。; source=fireplace/cards/wog/warrior.py:35; existing_tests=tests/test_wog.py:107:test_bloodsail_cultist | tests/test_wog.py:112:test_bloodsail_cultist; prior=GREEN:本轮逐卡行为用例全部通过：battlecry_weapon_buff_requires_other_pirate=without_other_pirate=1/4;with_other_pirate=2/5; battlecry_pirate_without_weapon=friendly_pirate=True;weapon=None;cultist=PLAY"
OG_315,battlecry_pirate_without_weapon,"With another friendly Pirate but no weapon, Cultist resolves without creating a weapon or error.",friendly_pirate=True;weapon=None;cultist=PLAY,pass,"检查有条件成立但无武器时的合法结算。; EN=Battlecry: If you control another Pirate, give your weapon +1/+1.; ZH=战吼：如果你控制其他任何海盗，你的武器便获得+1/+1。; source=fireplace/cards/wog/warrior.py:35; existing_tests=tests/test_wog.py:107:test_bloodsail_cultist | tests/test_wog.py:112:test_bloodsail_cultist; prior=GREEN:本轮逐卡行为用例全部通过：battlecry_weapon_buff_requires_other_pirate=without_other_pirate=1/4;with_other_pirate=2/5; battlecry_pirate_without_weapon=friendly_pirate=True;weapon=None;cultist=PLAY"
OG_316,battlecry_copies_all_other_friendly_minions,"Summons one 1/1 copy of each existing friendly minion, excludes Herald itself and enemy minion, originals remain.","copies=[('EX1_044', 1, 1), ('CS2_182', 1, 1)];originals=CS2_182:4/3,EX1_044:3/3;enemy=CS2_182",pass,"设置两类不同原体、受伤状态及敌方随从，核对副本身份、属性和控制方。; EN=Battlecry: Summon a 1/1 copy of each of your other minions.; ZH=战吼：召唤所有其他友方随从的复制，他们均为1/1。; source=fireplace/cards/wog/priest.py:33; existing_tests=none; prior=GREEN:本轮逐卡行为用例全部通过：battlecry_copies_all_other_friendly_minions=copies=[('EX1_044', 1, 1), ('CS2_182', 1, 1)];originals=CS2_182:4/3,EX1_044:3/3;enemy=CS2_182; battlecry_copies_obey_board_cap=field=7;originals=5;copies=1;wisps=6"
OG_316,battlecry_copies_obey_board_cap,"With five friendly minions and one free slot after Herald is played, exactly one 1/1 copy is summoned.",field=7;originals=5;copies=1;wisps=6,pass,"用同名随从盘点原体/复制数量，检查七格召唤上限。; EN=Battlecry: Summon a 1/1 copy of each of your other minions.; ZH=战吼：召唤所有其他友方随从的复制，他们均为1/1。; source=fireplace/cards/wog/priest.py:33; existing_tests=none; prior=GREEN:本轮逐卡行为用例全部通过：battlecry_copies_all_other_friendly_minions=copies=[('EX1_044', 1, 1), ('CS2_182', 1, 1)];originals=CS2_182:4/3,EX1_044:3/3;enemy=CS2_182; battlecry_copies_obey_board_cap=field=7;originals=5;copies=1;wisps=6"
OG_317,deathrattle_summons_hand_dragons_only,Death puts all Dragons from hand onto the board; non-Dragon stays in hand and their Battlecries do not draw the known top card.,"dragonlord=GRAVEYARD;dragons=['EX1_572', 'EX1_284'];non_dragon=HAND;known_top=DECK",pass,"检查亡语召唤手牌、非龙排除、原卡移动和战吼不触发。; EN=Deathrattle: Put all Dragons from your hand into the battlefield.; ZH=亡语：将你手牌中所有的龙牌置入战场。; source=fireplace/cards/wog/neutral_legendary.py:20; existing_tests=tests/test_wog.py:194:test_deathwing_dragonlord; prior=GREEN:本轮逐卡行为用例全部通过：deathrattle_summons_hand_dragons_only=dragonlord=GRAVEYARD;dragons=['EX1_572', 'EX1_284'];non_dragon=HAND;known_top=DECK; deathrattle_obeys_board_cap=board=7;summoned_dragon=['EX1_572'];dragon_still_hand=['EX1_284']"
OG_317,deathrattle_obeys_board_cap,"With one open slot, exactly one of two hand Dragons enters play and the other remains in hand.",board=7;summoned_dragon=['EX1_572'];dragon_still_hand=['EX1_284'],pass,"验证七格上限时其余龙牌的区域状态。; EN=Deathrattle: Put all Dragons from your hand into the battlefield.; ZH=亡语：将你手牌中所有的龙牌置入战场。; source=fireplace/cards/wog/neutral_legendary.py:20; existing_tests=tests/test_wog.py:194:test_deathwing_dragonlord; prior=GREEN:本轮逐卡行为用例全部通过：deathrattle_summons_hand_dragons_only=dragonlord=GRAVEYARD;dragons=['EX1_572', 'EX1_284'];non_dragon=HAND;known_top=DECK; deathrattle_obeys_board_cap=board=7;summoned_dragon=['EX1_572'];dragon_still_hand=['EX1_284']"
OG_318,takes_nonlethal_damage_summons_taunt_gnoll,Nonlethal damage to Hogger summons exactly one 2/2 Taunt Gnoll.,hogger=PLAY:5;gnoll=1x2/2:taunt;spell=GRAVEYARD,pass,"由对手法术造成真实伤害，核对本体存活及衍生物属性。; EN=Whenever this minion takes damage, summon a 2/2 Gnoll with Taunt.; ZH=每当该随从受到伤害，召唤一个2/2并具有嘲讽的豺狼人。; source=fireplace/cards/wog/neutral_legendary.py:26; existing_tests=none; prior=GREEN:本轮逐卡行为用例全部通过：takes_nonlethal_damage_summons_taunt_gnoll=hogger=PLAY:5;gnoll=1x2/2:taunt;spell=GRAVEYARD; takes_lethal_damage_summons_before_death_resolves=hogger=GRAVEYARD;gnoll=1x2/2:taunt;spell=GRAVEYARD"
OG_318,takes_lethal_damage_summons_before_death_resolves,Lethal damage still triggers one Gnoll before Hogger reaches Graveyard.,hogger=GRAVEYARD;gnoll=1x2/2:taunt;spell=GRAVEYARD,pass,"将本体生命设为1后由敌方法术击杀，检查触发与死亡结算。; EN=Whenever this minion takes damage, summon a 2/2 Gnoll with Taunt.; ZH=每当该随从受到伤害，召唤一个2/2并具有嘲讽的豺狼人。; source=fireplace/cards/wog/neutral_legendary.py:26; existing_tests=none; prior=GREEN:本轮逐卡行为用例全部通过：takes_nonlethal_damage_summons_taunt_gnoll=hogger=PLAY:5;gnoll=1x2/2:taunt;spell=GRAVEYARD; takes_lethal_damage_summons_before_death_resolves=hogger=GRAVEYARD;gnoll=1x2/2:taunt;spell=GRAVEYARD"
OG_320,battlecry_attack_per_other_hand_card,"With three other cards in hand, Midnight Drake gains exactly +3 Attack.","base_attack=1;other_hand_cards=3;attack=4;remaining=['CS2_231', 'CS2_029', 'CS2_091']",pass,"保留随从、法术、武器三种其它手牌，核对手牌计数和攻击力。; EN=Battlecry: Gain +1 Attack for each other card in your hand.; ZH=战吼：你每有一张其它手牌，便获得+1攻击力。; source=fireplace/cards/wog/neutral_rare.py:59; existing_tests=none; prior=GREEN:本轮逐卡行为用例全部通过：battlecry_attack_per_other_hand_card=base_attack=1;other_hand_cards=3;attack=4;remaining=['CS2_231', 'CS2_029', 'CS2_091']; battlecry_empty_hand_no_attack_bonus=other_hand_cards=0;attack=1;base=1"
OG_320,battlecry_empty_hand_no_attack_bonus,"With no other cards in hand, Drake receives no Attack bonus.",other_hand_cards=0;attack=1;base=1,pass,"验证空手牌边界。; EN=Battlecry: Gain +1 Attack for each other card in your hand.; ZH=战吼：你每有一张其它手牌，便获得+1攻击力。; source=fireplace/cards/wog/neutral_rare.py:59; existing_tests=none; prior=GREEN:本轮逐卡行为用例全部通过：battlecry_attack_per_other_hand_card=base_attack=1;other_hand_cards=3;attack=4;remaining=['CS2_231', 'CS2_029', 'CS2_091']; battlecry_empty_hand_no_attack_bonus=other_hand_cards=0;attack=1;base=1"
OG_321,takes_damage_buffs_cthun_wherever,"Crazed Worshipper has Taunt; taking damage gives C'Thun in hand, deck, or play +1/+1.",hand=cthun:7/7;worshipper_damaged=True;deck=cthun:7/7;worshipper_damaged=True;board=cthun:7/7;worshipper_damaged=True,pass,"克苏恩分处三个区域时分别接受对手法术造成的真实伤害，核对嘲讽和跨区域增益。; EN=Taunt. Whenever this minion takes damage, give your C'Thun +1/+1 (wherever it is).; ZH=嘲讽。每当该随从受到伤害，使你的克苏恩获得+1/+1（无论它在哪里）。; source=fireplace/cards/wog/neutral_epic.py:100; existing_tests=none; prior=GREEN:本轮逐卡行为用例全部通过：takes_damage_buffs_cthun_wherever=hand=cthun:7/7;worshipper_damaged=True;deck=cthun:7/7;worshipper_damaged=True;board=cthun:7/7;worshipper_damaged=True"
OG_322,weapon_aura_minus_two_cost_and_expires,"While Pirate is on board, both weapons cost 2 less (floor 0) and Fireball is unchanged; after Pirate dies, original costs return.","active_costs=(5, 0, 4);after_source_death=(7, 1, 4);pirate=GRAVEYARD",pass,"同时检查费用下限、非武器排除及光环移除后的回退。; EN=Your weapons cost (2) less.; ZH=你的武器法力值消耗减少（2）点。; source=fireplace/cards/wog/neutral_rare.py:68; existing_tests=tests/test_wog.py:50:test_blackwater_pirate; prior=GREEN:本轮逐卡行为用例全部通过：weapon_aura_minus_two_cost_and_expires=active_costs=(5, 0, 4);after_source_death=(7, 1, 4);pirate=GRAVEYARD"
OG_323,deathrattle_draws_one_card_for_controller,Hoarder's death draws exactly the known top card into its controller's hand.,hoarder=GRAVEYARD;drawn=CS2_231:HAND;deck=0;enemy_hand=0,pass,死亡后核对牌库顶牌身份、手牌数量和双方持有方。; EN=Deathrattle: Draw a card.; ZH=亡语：抽一张牌。; source=fireplace/cards/wog/neutral_common.py:98; existing_tests=none; prior=GREEN:本轮逐卡行为用例全部通过：deathrattle_draws_one_card_for_controller=hoarder=GRAVEYARD;drawn=CS2_231:HAND;deck=0;enemy_hand=0
OG_327,taunt_blocks_hero_and_defends_in_combat,Tentacle's Taunt prevents hero face attack; opposing Yeti can attack it and both health totals change by printed Attack.,taunt=True;hero_attack_blocked=True;tentacle=GRAVEYARD;attacker=3,pass,验证原生嘲讽标签在真实英雄/随从攻击交互中的效果。; EN=Taunt; ZH=嘲讽; source=fireplace/cards/CardDefs.xml#OG_327; existing_tests=none; prior=GREEN:本轮逐卡行为用例全部通过：taunt_blocks_hero_and_defends_in_combat=taunt=True;hero_attack_blocked=True;tentacle=GRAVEYARD;attacker=3
OG_328,battlecry_evolves_friendly_target_to_cost_plus_one,"Across fixed seeds, only the selected friendly Yeti transforms into a minion costing exactly 1 more; board count stays fixed and other minion remains.","16_seeded_cost_plus_one_transforms=930:CS2_182->GVG_046/5,931:CS2_182->TRL_521/5,932:CS2_182->GVG_016/5,933:CS2_182->GVG_062/5,934:CS2_182->GIL_620/5,935:CS2_182->TRL_900/5,936:CS2_182->CFM_324/5,937:CS2_182->GVG_069/5,938:CS2_182->GIL_545/5,939:CS2_182->UNG_963/5,940:CS2_182->DS1_055/5,941:CS2_182->DS1_055/5,942:CS2_182->EX1_399/5,943:CS2_182->GVG_070/5,944:CS2_182->AT_090/5,945:CS2_182->GIL_130/5;distinct_replacements=['AT_090', 'CFM_324', 'DS1_055', 'EX1_399', 'GIL_130', 'GIL_545', 'GIL_620', 'GVG_016', 'GVG_046', 'GVG_062', 'GVG_069', 'GVG_070', 'TRL_521', 'TRL_900', 'UNG_963']",pass,"16个固定种子检查变形目标、原位/区域、费用增量及多种替换结果。; EN=Battlecry: Transform a friendly minion into a random one that costs (1) more.; ZH=战吼：将一个友方随从随机变形成为一个法力值消耗增加（1）点的随从。; source=fireplace/cards/wog/shaman.py:30; existing_tests=none; prior=GREEN:本轮逐卡行为用例全部通过：battlecry_evolves_friendly_target_to_cost_plus_one=16_seeded_cost_plus_one_transforms=930:CS2_182->GVG_046/5,931:CS2_182->TRL_521/5,932:CS2_182->GVG_016/5,933:CS2_182->GVG_062/5,934:CS2_182->GIL_620/5,935:CS2_182->TRL_900/5,936:CS2_182->CFM_324/5,937:CS2_182->GVG_069/5,938:CS2_182->GIL_545/5,939:CS2_182->UNG_963/5,940:CS2_182->DS1_055/5,941:CS2_182->DS1_055/5,942:CS2_182->EX1_399/5,943:CS2_182->GVG_070/5,944:CS2_182->AT_090/5,945:CS2_182->GIL_130/5;distinct_replacements=['AT_090', 'CFM_324', 'DS1_055', 'EX1_399', 'GIL_130', 'GIL_545', 'GIL_620', 'GVG_016', 'GVG_046', 'GVG_062', 'GVG_069', 'GVG_070', 'TRL_521', 'TRL_900', 'UNG_963']; targeting_rejects_enemy_minion=enemy_target_rejected=True;hand=True;mana=10;friendly=PLAY;enemy=PLAY; no_friendly_target_is_optional=no_friendly_target=played_without_target;enemy_unchanged=PLAY"
OG_328,targeting_rejects_enemy_minion,"Enemy minion is illegal; rejected attempt preserves Master, mana, and enemy minion.",enemy_target_rejected=True;hand=True;mana=10;friendly=PLAY;enemy=PLAY,pass,"验证友方目标范围与拒绝副作用。; EN=Battlecry: Transform a friendly minion into a random one that costs (1) more.; ZH=战吼：将一个友方随从随机变形成为一个法力值消耗增加（1）点的随从。; source=fireplace/cards/wog/shaman.py:30; existing_tests=none; prior=GREEN:本轮逐卡行为用例全部通过：battlecry_evolves_friendly_target_to_cost_plus_one=16_seeded_cost_plus_one_transforms=930:CS2_182->GVG_046/5,931:CS2_182->TRL_521/5,932:CS2_182->GVG_016/5,933:CS2_182->GVG_062/5,934:CS2_182->GIL_620/5,935:CS2_182->TRL_900/5,936:CS2_182->CFM_324/5,937:CS2_182->GVG_069/5,938:CS2_182->GIL_545/5,939:CS2_182->UNG_963/5,940:CS2_182->DS1_055/5,941:CS2_182->DS1_055/5,942:CS2_182->EX1_399/5,943:CS2_182->GVG_070/5,944:CS2_182->AT_090/5,945:CS2_182->GIL_130/5;distinct_replacements=['AT_090', 'CFM_324', 'DS1_055', 'EX1_399', 'GIL_130', 'GIL_545', 'GIL_620', 'GVG_016', 'GVG_046', 'GVG_062', 'GVG_069', 'GVG_070', 'TRL_521', 'TRL_900', 'UNG_963']; targeting_rejects_enemy_minion=enemy_target_rejected=True;hand=True;mana=10;friendly=PLAY;enemy=PLAY; no_friendly_target_is_optional=no_friendly_target=played_without_target;enemy_unchanged=PLAY"
OG_328,no_friendly_target_is_optional,"With no friendly minion available, Master may be played without a target and does not transform an enemy minion.",no_friendly_target=played_without_target;enemy_unchanged=PLAY,pass,"REQ_TARGET_IF_AVAILABLE 允许无合法友方目标时不选目标；单独核验该规则分支。; EN=Battlecry: Transform a friendly minion into a random one that costs (1) more.; ZH=战吼：将一个友方随从随机变形成为一个法力值消耗增加（1）点的随从。; source=fireplace/cards/wog/shaman.py:30; existing_tests=none; prior=GREEN:本轮逐卡行为用例全部通过：battlecry_evolves_friendly_target_to_cost_plus_one=16_seeded_cost_plus_one_transforms=930:CS2_182->GVG_046/5,931:CS2_182->TRL_521/5,932:CS2_182->GVG_016/5,933:CS2_182->GVG_062/5,934:CS2_182->GIL_620/5,935:CS2_182->TRL_900/5,936:CS2_182->CFM_324/5,937:CS2_182->GVG_069/5,938:CS2_182->GIL_545/5,939:CS2_182->UNG_963/5,940:CS2_182->DS1_055/5,941:CS2_182->DS1_055/5,942:CS2_182->EX1_399/5,943:CS2_182->GVG_070/5,944:CS2_182->AT_090/5,945:CS2_182->GIL_130/5;distinct_replacements=['AT_090', 'CFM_324', 'DS1_055', 'EX1_399', 'GIL_130', 'GIL_545', 'GIL_620', 'GVG_016', 'GVG_046', 'GVG_062', 'GVG_069', 'GVG_070', 'TRL_521', 'TRL_900', 'UNG_963']; targeting_rejects_enemy_minion=enemy_target_rejected=True;hand=True;mana=10;friendly=PLAY;enemy=PLAY; no_friendly_target_is_optional=no_friendly_target=played_without_target;enemy_unchanged=PLAY"
OG_330,deathrattle_adds_random_opponent_class_card,Deathrattle adds one collectible Mage card (the opponent's class) to Rogue's hand without adding it to the Mage's hand.,"16_seeded_opponent_class_cards=950:ICC_068,951:CS2_027,952:BOT_256,953:GVG_003,954:BOT_257,955:KAR_092,956:CFM_687,957:DAL_163,958:ULD_329,959:BT_028,960:CS2_026,961:OG_087,962:UNG_941,963:EX1_279,964:LOOT_537,965:EX1_594;distinct=['BOT_256', 'BOT_257', 'BT_028', 'CFM_687', 'CS2_026', 'CS2_027', 'DAL_163', 'EX1_279', 'EX1_594', 'GVG_003', 'ICC_068', 'KAR_092', 'LOOT_537', 'OG_087', 'ULD_329', 'UNG_941']",pass,"按实际英雄职业定位持有方，16个种子检查职业、可收藏属性和随机结果。; EN=Deathrattle: Add a random card to your hand (from your opponent's class).; ZH=亡语：随机将一张（你对手职业的）卡牌置入你的手牌。; source=fireplace/cards/wog/rogue.py:33; existing_tests=tests/test_wog.py:554:test_undercity_huckster; prior=GREEN:本轮逐卡行为用例全部通过：deathrattle_adds_random_opponent_class_card=16_seeded_opponent_class_cards=950:ICC_068,951:CS2_027,952:BOT_256,953:GVG_003,954:BOT_257,955:KAR_092,956:CFM_687,957:DAL_163,958:ULD_329,959:BT_028,960:CS2_026,961:OG_087,962:UNG_941,963:EX1_279,964:LOOT_537,965:EX1_594;distinct=['BOT_256', 'BOT_257', 'BT_028', 'CFM_687', 'CS2_026', 'CS2_027', 'DAL_163', 'EX1_279', 'EX1_594', 'GVG_003', 'ICC_068', 'KAR_092', 'LOOT_537', 'OG_087', 'ULD_329', 'UNG_941']"
OG_334,friendly_and_enemy_hero_healing_buffs_deck_cthun,Healing either controller's hero produces one +1/+1 C'Thun buff per successful heal.,"friendly_heal_cthun=(7, 7);enemy_heal_cthun=(8, 8);heroes=27/27;cthun_zone=DECK",pass,"分别通过双方 Voodoo Doctor 战吼治疗英雄，检查双方英雄治疗都使持有者牌库中的克苏恩成长。; EN=Whenever a character is healed, give your C'Thun +1/+1 (wherever it is).; ZH=每当一个角色获得治疗时，使你的克苏恩 获得+1/+1（无论它在哪里）。; source=fireplace/cards/wog/priest.py:14; existing_tests=none; prior=GREEN:本轮逐卡行为用例全部通过：friendly_and_enemy_character_healing_buffs_deck_cthun=friendly_heal_cthun=(7, 7);enemy_heal_cthun=(8, 8);heroes=27/27;cthun_zone=DECK; full_health_heal_does_not_buff_cthun=hero_full=30;cthun=6/6;unchanged=(6, 6);acolyte=PLAY"
OG_334,full_health_heal_does_not_buff_cthun,A heal with no missing Health restores nothing and does not trigger a C'Thun buff.,"hero_full=30;cthun=6/6;unchanged=(6, 6);acolyte=PLAY",pass,"检查满血目标上的无效治疗边界。; EN=Whenever a character is healed, give your C'Thun +1/+1 (wherever it is).; ZH=每当一个角色获得治疗时，使你的克苏恩 获得+1/+1（无论它在哪里）。; source=fireplace/cards/wog/priest.py:14; existing_tests=none; prior=GREEN:本轮逐卡行为用例全部通过：friendly_and_enemy_character_healing_buffs_deck_cthun=friendly_heal_cthun=(7, 7);enemy_heal_cthun=(8, 8);heroes=27/27;cthun_zone=DECK; full_health_heal_does_not_buff_cthun=hero_full=30;cthun=6/6;unchanged=(6, 6);acolyte=PLAY"
OG_334,friendly_damaged_minion_heal_buffs_only_owner_cthun,"Healing a damaged friendly minion restores its Health and gives the Hooded Acolyte controller's C'Thun exactly +1/+1, without buffing the opponent's C'Thun.",friendly_minion_healed=3->5;owner_cthun=7/7;enemy_cthun=6/6;cthun_zone=DECK,pass,"治疗己方受伤随从，断言治疗量、持有者克苏恩精确增益及对手克苏恩不变。; EN=Whenever a character is healed, give your C'Thun +1/+1 (wherever it is).; ZH=每当一个角色获得治疗时，使你的克苏恩 获得+1/+1（无论它在哪里）。; source=fireplace/cards/wog/priest.py:14; existing_tests=none; prior=GREEN:本轮逐卡行为用例全部通过：friendly_and_enemy_character_healing_buffs_deck_cthun=friendly_heal_cthun=(7, 7);enemy_heal_cthun=(8, 8);heroes=27/27;cthun_zone=DECK; full_health_heal_does_not_buff_cthun=hero_full=30;cthun=6/6;unchanged=(6, 6);acolyte=PLAY"
OG_334,enemy_damaged_minion_heal_buffs_only_owner_cthun,"Healing a damaged enemy minion on the opponent's turn restores its Health and gives the Hooded Acolyte controller's C'Thun exactly +1/+1, without buffing the opponent's C'Thun.",enemy_minion_healed=3->5;owner_cthun=7/7;enemy_cthun=6/6;cthun_zone=DECK,pass,"让对手在其回合治疗己方受伤随从，断言治疗量和增益只落在 acolyte 持有者的克苏恩。; EN=Whenever a character is healed, give your C'Thun +1/+1 (wherever it is).; ZH=每当一个角色获得治疗时，使你的克苏恩 获得+1/+1（无论它在哪里）。; source=fireplace/cards/wog/priest.py:14; existing_tests=none; prior=GREEN:本轮逐卡行为用例全部通过：friendly_and_enemy_character_healing_buffs_deck_cthun=friendly_heal_cthun=(7, 7);enemy_heal_cthun=(8, 8);heroes=27/27;cthun_zone=DECK; full_health_heal_does_not_buff_cthun=hero_full=30;cthun=6/6;unchanged=(6, 6);acolyte=PLAY"
OG_335,deathrattle_copies_opponent_deck_without_removing_original,Shifting Shade adds one copy of an enemy-deck card to hand; original stays in enemy deck and both known candidates appear across independent seeds.,"16_seeded_copy_choices=970:CS2_029,971:CS2_231,972:CS2_029,973:CS2_231,974:CS2_029,975:CS2_029,976:CS2_231,977:CS2_029,978:CS2_231,979:CS2_029,980:CS2_231,981:CS2_029,982:CS2_231,983:CS2_231,984:CS2_231,985:CS2_231;seen=['CS2_029', 'CS2_231'];opponent_deck_unchanged=2",pass,"双方初始牌库为空；仅加入Wisp和Fireball，选择种子与构造牌库种子分离，检查候选、双方区域及牌库大小。; EN=[x]Deathrattle: Copy a card from your opponent's deck  and add it to your hand.; ZH=亡语：复制你对手的牌库中的一张牌，并将其置入你的手牌。; source=fireplace/cards/wog/priest.py:27; existing_tests=none; prior=GREEN:本轮逐卡行为用例全部通过：deathrattle_copies_opponent_deck_without_removing_original=16_seeded_copy_choices=970:CS2_029,971:CS2_231,972:CS2_029,973:CS2_231,974:CS2_029,975:CS2_029,976:CS2_231,977:CS2_029,978:CS2_231,979:CS2_029,980:CS2_231,981:CS2_029,982:CS2_231,983:CS2_231,984:CS2_231,985:CS2_231;seen=['CS2_029', 'CS2_231'];opponent_deck_unchanged=2"
OG_337,battlecry_health_increases_per_enemy_minion,"With three enemy minions, gains exactly +3 Health and retains Taunt.",enemy_minions=3;horror=3/6;taunt=1;base_health=3,pass,按敌方随从数断言最大生命与当前生命。; EN=Taunt. Battlecry: Gain      +1 Health for each enemy minion.; ZH=嘲讽，战吼：每有一个敌方随从，便获得+1生命值。; source=fireplace/cards/wog/neutral_epic.py:59; existing_tests=none; prior=GREEN:本轮逐卡行为用例全部通过：battlecry_health_increases_per_enemy_minion=enemy_minions=3;horror=3/6;taunt=1;base_health=3; battlecry_zero_enemy_minions_base_health=enemy_minions=0;horror=3/3;taunt=1
OG_337,battlecry_zero_enemy_minions_base_health,"With no enemy minion, receives no Health bonus and still has Taunt.",enemy_minions=0;horror=3/3;taunt=1,pass,验证空敌方场面的数值边界与原生嘲讽。; EN=Taunt. Battlecry: Gain      +1 Health for each enemy minion.; ZH=嘲讽，战吼：每有一个敌方随从，便获得+1生命值。; source=fireplace/cards/wog/neutral_epic.py:59; existing_tests=none; prior=GREEN:本轮逐卡行为用例全部通过：battlecry_health_increases_per_enemy_minion=enemy_minions=3;horror=3/6;taunt=1;base_health=3; battlecry_zero_enemy_minions_base_health=enemy_minions=0;horror=3/3;taunt=1
OG_338,opponent_turn_start_fifty_percent_extra_draw,"At opponent turn start, they draw the normal turn card plus one extra on proc; expected opponent draw counter is 2 on proc and 1 otherwise, with no draw credited to owner.","{'expected': {1: {((0, 0), (0, 1))}, 2: {((0, 1), (0, 2))}}, 'actual': {1: {((0, 0), (0, 1))}, 2: {((1, 0), (0, 1))}}}",confirmed_error,"32个固定种子清空并替换对手牌库，断言proc/no-proc 的实际手牌、牌库、普通抽牌后和额外抽牌后双方 cards_drawn_this_turn。; EN=At the start of your opponent's turn, they have a 50% chance to draw an extra card.; ZH=你的对手在回合开始时，有50%的几率额外抽一张牌。; source=fireplace/cards/wog/neutral_legendary.py:32; existing_tests=none; prior=RED:实战断言确认偏差：opponent_turn_start_fifty_percent_extra_draw expected=At opponent turn start, they draw the normal turn card plus one extra on proc; expected opponent draw counter is 2 on proc and 1 otherwise, with no draw credited to owner. actual={'expected': {1: {((0, 0), (0, 1))}, 2: {((0, 1), (0, 2))}}, 'actual': {1: {((0, 0), (0, 1))}, 2: {((1, 0), (0, 1))}}}"
OG_339,battlecry_buffs_cthun_on_board,Skeram Cultist gives an on-board C'Thun exactly +2/+2.,cthun_board=8/8;tracked=8/8;cultist=PLAY,pass,将克苏恩直接召唤到场上，检查可见卡牌和追踪状态同步。; EN=Battlecry: Give your C'Thun +2/+2 (wherever it is).; ZH=战吼： 使你的克苏恩 获得+2/+2（无论它在哪里）。; source=fireplace/cards/wog/neutral_rare.py:32; existing_tests=none; prior=GREEN:本轮逐卡行为用例全部通过：battlecry_buffs_cthun_on_board=cthun_board=8/8;tracked=8/8;cultist=PLAY
OG_339,battlecry_buffs_cthun_in_hand_and_deck,"Skeram Cultist gives C'Thun exactly +2/+2 when C'Thun is in hand or deck, and the tracked C'Thun stats stay synchronized.",hand=8/8;tracked=8/8;deck=8/8;tracked=8/8,pass,独立对局分别将克苏恩置于手牌和牌库，逐区断言属性增量、区域与追踪状态。; EN=Battlecry: Give your C'Thun +2/+2 (wherever it is).; ZH=战吼： 使你的克苏恩 获得+2/+2（无论它在哪里）。; source=fireplace/cards/wog/neutral_rare.py:32; existing_tests=none; prior=GREEN:本轮逐卡行为用例全部通过：battlecry_buffs_cthun_on_board=cthun_board=8/8;tracked=8/8;cultist=PLAY
OG_340,untargetable_by_both_players_spells_and_hero_powers,"Neither player's Fireball nor Fireblast can target friendly or enemy Soggoth; rejected attempts preserve hand, mana, health, and Hero Power use; minion combat into Taunt remains legal.",both_players_spell_power_rejected_friendly_and_enemy_targets=True;mana_health_hand_unchanged=True;combat_attack_succeeded=True;both_taunt=True,pass,复位法力后由双方分别以法术/英雄技能点选己方与敌方索苟斯，最后跨回合实际攻击嘲讽随从。; EN=Taunt Can't be targeted by spells or Hero Powers.; ZH=嘲讽 无法成为法术或英雄技能的目标。; source=fireplace/cards/CardDefs.xml#OG_340; existing_tests=none; prior=GREEN:本轮逐卡行为用例全部通过：untargetable_by_both_players_spells_and_hero_powers=both_players_spell_power_rejected_friendly_and_enemy_targets=True;mana_health_hand_unchanged=True;combat_attack_succeeded=True;both_taunt=True
