card_id,status,implementation,tested,reason,test_nodes,notes
UNG_089,GREEN,implemented,yes,逐卡实测：温顺的巨壳龙只提供一次进化选择，同一选择对两只己方鱼人各生效一次，己方非鱼人及敌方鱼人不受影响。,tests/test_ungoro_shared_red_fixes.py::test_gentle_megasaur_adapts_all_and_only_friendly_murlocs,修复共享 Adapt 多目标处理：先收集目标，再为全体应用同一 Choice。
UNG_103,GREEN,implemented,yes,逐卡实测：生长孢子只提供一次进化选择，同一增益对两只己方随从各生效一次，敌方随从不受影响，法术进入墓地。,tests/test_ungoro_shared_red_fixes.py::test_evolving_spores_uses_one_choice_for_all_friendly_minions,共享 Adapt 修复；另以火山龙验证单目标两次进化仍是两次独立 Choice。
UNG_109,GREEN,implemented,yes,逐卡实测：手牌持有5攻随从时年迈的长颈龙提供并完成进化选择；仅场上有高攻随从而手牌只有低攻随从时不触发进化。,tests/test_ungoro_card_local_fixes.py::test_elder_longneck_adapts_for_a_five_attack_minion_in_hand|tests/test_ungoro_card_local_fixes.py::test_elder_longneck_ignores_high_attack_minions_already_on_board,修复前错误检查场上而非手牌。
UNG_807,GREEN,implemented,yes,逐卡实测：葛拉卡爬行蟹指定海盗后摧毁目标并精确获得+1/+1；无海盗时打出本体仍为2/3且非海盗不受影响。,tests/test_ungoro_card_local_fixes.py::test_golakka_crawler_destroys_targeted_pirate_and_gains_exactly_one_one|tests/test_ungoro_card_local_fixes.py::test_golakka_crawler_without_a_pirate_keeps_its_base_stats,修复前增益错误为+2/+2。
UNG_829,GREEN,implemented,yes,逐卡实测：三次真实双弃牌令拉卡利献祭进度依次为2、4、6；任务进入墓地且奖励入手；打出奖励后休眠传送门在己方回合结束召唤两只小鬼。,tests/test_ungoro_shared_red_fixes.py::test_lakkari_sacrifice_counts_six_real_discards_and_opens_portal,修复共享 Discard AFTER 事件广播；每张牌只计数一次。
UNG_830,GREEN,implemented,yes,逐卡实测：真实弃掉小精灵后残暴的恐龙术士死亡会召唤一只独立的1/1小精灵副本，弃牌原实体仍在移除区；没有弃掉随从时不会错误召唤。,tests/test_ungoro_shared_red_fixes.py::test_cruel_dinomancer_summons_a_copy_of_discarded_minion|tests/test_ungoro_shared_red_fixes.py::test_cruel_dinomancer_without_discarded_minion_summons_nothing,修复弃牌历史选择器可见性并使用副本；共享机制另经血腥女王兰娜瑟尔与灵魂守望者回归测试。
UNG_848,GREEN,implemented,yes,逐卡实测：始生幼龙战吼对敌我其他随从各造成2点伤害，自身生命不变且仍保有嘲讽。,tests/test_ungoro_card_local_fixes.py::test_primordial_drake_damages_every_other_minion_but_not_itself,修复前群体伤害包含自身。
UNG_856,GREEN,implemented,yes,逐卡实测：幻觉多组随机种子每次提供三张对手职业可收藏卡，实际候选包含非法术牌；选择后牌进入手牌且 Choice 清空。,tests/test_ungoro_card_local_fixes.py::test_hallucination_offers_collectible_cards_of_the_actual_opponent_class,修复前候选池只含对手职业法术。
UNG_962,GREEN,implemented,yes,逐卡实测：光注剑龙只提供一次进化选择，两名白银之手新兵各获得同一增益且剑龙自身不受影响；无新兵时不提供选择。,tests/test_ungoro_shared_red_fixes.py::test_lightfused_stegodon_adapts_every_recruit_once|tests/test_ungoro_shared_red_fixes.py::test_lightfused_stegodon_without_recruits_offers_no_choice,共享 Adapt 多目标修复；单目标两次进化回归通过。
