version,set,card_id,name_en,name_zh,mechanic,status,implementation,tested,reason,evidence,notes,card_text_en,python_source
17.6.0.53261,Hall of Fame (HOF),CS2_031,Ice Lance,冰枪术,Spell resolution|Targeting,GREEN,implemented,yes,两条分支均实测通过：首次施放只冻结；已冻结目标再次施放造成4点伤害。,card_mechanism.csv#CS2_031; generic-play-smoke:played; effect-evidence: reports/card_quality_full_2026-09-27/hof_probe.csv#initial_freeze_no_damage; reports/card_quality_full_2026-09-27/hof_probe.csv#repeat_on_frozen_character_deals_4; per-card: reports/card_quality_full_2026-09-27/hof_probe.csv#initial_freeze_no_damage; reports/card_quality_full_2026-09-27/hof_probe.csv#repeat_on_frozen_character_deals_4,聚合状态取该卡最差机制；普通烟测只证明可执行，不能单独构成 GREEN。 参考既有 tests/test_classic.py::test_ice_lance 与 targeting_static_audit.csv；本探针直接验证效果与法术落区。,"Freeze a character. If it was already Frozen, deal $4 damage instead.",fireplace/cards/classic/mage.py:111
17.6.0.53261,Hall of Fame (HOF),CS2_235,Northshire Cleric,北郡牧师,Draw / Discard|Trigger,GREEN,implemented,yes,每个实际被治疗的随从触发一次抽牌；满血随从没有额外触发。,card_mechanism.csv#CS2_235; generic-play-smoke:played; effect-evidence: reports/card_quality_full_2026-09-27/hof_probe.csv#draw_once_for_healed_minion_only; per-card: reports/card_quality_full_2026-09-27/hof_probe.csv#draw_once_for_healed_minion_only,聚合状态取该卡最差机制；普通烟测只证明可执行，不能单独构成 GREEN。 观察手牌与牌库实体数，验证触发次数而非只看战吼/出牌成功。,"Whenever a minion is healed, draw a card.",fireplace/cards/classic/priest.py:8
17.6.0.53261,Hall of Fame (HOF),CS2_236,Divine Spirit,神圣之灵,Spell resolution|Targeting,GREEN,implemented,yes,合法敌方受伤随从的当前生命和最大生命按卡面效果增长；攻击力与控制者不变。,card_mechanism.csv#CS2_236; generic-play-smoke:played; effect-evidence: reports/card_quality_full_2026-09-27/hof_probe.csv#double_current_minion_health; per-card: reports/card_quality_full_2026-09-27/hof_probe.csv#double_current_minion_health,聚合状态取该卡最差机制；普通烟测只证明可执行，不能单独构成 GREEN。 目标是敌方受伤随从；覆盖敌方合法目标效果。,Double a minion's Health.,fireplace/cards/classic/priest.py:200
17.6.0.53261,Hall of Fame (HOF),DS1_233,Mind Blast,心灵震爆,Spell resolution,GREEN,implemented,yes,仅敌方英雄受到5点伤害，友方角色和双方随从均未改变。,card_mechanism.csv#DS1_233; generic-play-smoke:played; effect-evidence: reports/card_quality_full_2026-09-27/hof_probe.csv#enemy_hero_only_five_damage; per-card: reports/card_quality_full_2026-09-27/hof_probe.csv#enemy_hero_only_five_damage,聚合状态取该卡最差机制；普通烟测只证明可执行，不能单独构成 GREEN。 1 条独立实战行为 case；EN/ZH 文案、脚本与已有测试引用见 hof_probe.csv 对应 notes；源码=fireplace/cards/classic/priest.py:207；既有测试=tests/test_dalaran.py:84:test_unseen_saboteur | tests/test_dragons.py:125:test_murozond_the_infinite；前次 audit 状态为 YELLOW。,Deal $5 damage to the enemy hero.,fireplace/cards/classic/priest.py:207
17.6.0.53261,Hall of Fame (HOF),EX1_007,Acolyte of Pain,苦痛侍僧,Draw / Discard|Trigger,GREEN,implemented,yes,每次受伤均抽一张，包括致死伤害；侍僧死亡入墓。,card_mechanism.csv#EX1_007; generic-play-smoke:played; effect-evidence: reports/card_quality_full_2026-09-27/hof_probe.csv#draw_for_each_damage_instance_including_lethal; per-card: reports/card_quality_full_2026-09-27/hof_probe.csv#draw_for_each_damage_instance_including_lethal,聚合状态取该卡最差机制；普通烟测只证明可执行，不能单独构成 GREEN。 1 条独立实战行为 case；EN/ZH 文案、脚本与已有测试引用见 hof_probe.csv 对应 notes；源码=fireplace/cards/classic/neutral_common.py:193；既有测试=tests/test_blackrock.py:325:test_quick_shot_acolyte | tests/test_classic.py:19:test_acolyte_of_pain | tests/test_gvg.py:90:test_bouncing_blade | tests/test_gvg.py:105:test_bouncing_blade_commanding_shout | tests/test_karazhan.py:449:test_purify | tests/test_karazhan.py:454:test_purify | tests/test_mechanics.py:633:test_no_death_processing_during_battlecry | tests/test_naxxramas.py:533:test_unstable_ghoul；前次 audit 状态为 YELLOW。,"Whenever this minion takes damage, draw a card.",fireplace/cards/classic/neutral_common.py:193
17.6.0.53261,Hall of Fame (HOF),EX1_016,Sylvanas Windrunner,希尔瓦娜斯·风行者,Deathrattle|Random effects,GREEN,implemented,yes,死亡后从两个敌方随从中随机夺取恰好一个；另一个仍归对手控制。,card_mechanism.csv#EX1_016; generic-play-smoke:played; effect-evidence: reports/card_quality_full_2026-09-27/hof_probe.csv#deathrattle_steals_exactly_one_random_enemy; reports/card_quality_full_2026-09-27/hof_probe.csv#seeded_random_pool_reaches_each_candidate; reports/card_quality_full_2026-09-27/hof_probe.csv#deathrattle_has_no_live_target_in_simultaneous_clear; per-card: reports/card_quality_full_2026-09-27/hof_probe.csv#deathrattle_steals_exactly_one_random_enemy; reports/card_quality_full_2026-09-27/hof_probe.csv#seeded_random_pool_reaches_each_candidate; reports/card_quality_full_2026-09-27/hof_probe.csv#deathrattle_has_no_live_target_in_simultaneous_clear,聚合状态取该卡最差机制；普通烟测只证明可执行，不能单独构成 GREEN。 3 条独立实战行为 case；EN/ZH 文案、脚本与已有测试引用见 hof_probe.csv 对应 notes；源码=fireplace/cards/classic/neutral_legendary.py:38；既有测试=tests/test_classic.py:3312:test_sylvanas_windrunner | tests/test_classic.py:3320:test_sylvanas_windrunner | tests/test_naxxramas.py:84:test_baron_rivendare_sylvanas | tests/test_naxxramas.py:224:test_kel_thuzad_sylvanas；前次 audit 状态为 YELLOW。,Deathrattle: Take control of a random enemy minion.,fireplace/cards/classic/neutral_legendary.py:38
17.6.0.53261,Hall of Fame (HOF),EX1_048,Spellbreaker,破法者,Battlecry|Silence|Targeting,GREEN,implemented,yes,战吼合法指定敌方随从并沉默；被沉默的亡语不再召唤贝恩。,card_mechanism.csv#EX1_048; generic-play-smoke:played; effect-evidence: reports/card_quality_full_2026-09-27/hof_probe.csv#battlecry_silences_enemy_deathrattle; reports/card_quality_full_2026-09-27/hof_probe.csv#battlecry_can_target_friendly_minion; per-card: reports/card_quality_full_2026-09-27/hof_probe.csv#battlecry_silences_enemy_deathrattle; reports/card_quality_full_2026-09-27/hof_probe.csv#battlecry_can_target_friendly_minion,聚合状态取该卡最差机制；普通烟测只证明可执行，不能单独构成 GREEN。 2 条独立实战行为 case；EN/ZH 文案、脚本与已有测试引用见 hof_probe.csv 对应 notes；源码=fireplace/cards/classic/neutral_common.py:235；既有测试=无；前次 audit 状态为 YELLOW。,Battlecry: Silence a minion.,fireplace/cards/classic/neutral_common.py:235
17.6.0.53261,Hall of Fame (HOF),EX1_062,Old Murk-Eye,老瞎眼,Charge|Conditional stats|Continuous effect / Update,GREEN,implemented,yes,立即攻击合法；攻击力按双方场上其他鱼人动态增减。,card_mechanism.csv#EX1_062; generic-play-smoke:played; effect-evidence: reports/card_quality_full_2026-09-27/hof_probe.csv#charge_and_live_murloc_count_updates; per-card: reports/card_quality_full_2026-09-27/hof_probe.csv#charge_and_live_murloc_count_updates,聚合状态取该卡最差机制；普通烟测只证明可执行，不能单独构成 GREEN。 1 条独立实战行为 case；EN/ZH 文案、脚本与已有测试引用见 hof_probe.csv 对应 notes；源码=fireplace/cards/classic/neutral_legendary.py:44；既有测试=tests/test_classic.py:2371:test_old_murkeye | tests/test_classic.py:2386:test_old_murkeye；前次 audit 状态为 YELLOW。,Charge. Has +1 Attack for each other Murloc on the battlefield.,fireplace/cards/classic/neutral_legendary.py:44
17.6.0.53261,Hall of Fame (HOF),EX1_085,Mind Control Tech,精神控制技师,Battlecry|Random effects,RED,partial,yes,己方已有6个随从时，精神控制技师入场占满第7格，战吼仍夺取敌方随从，使己方场面达到8个。,card_mechanism.csv#EX1_085; generic-play-smoke:played; effect-evidence: reports/card_quality_full_2026-09-27/hof_probe.csv#no_steal_below_four_enemy_minions; reports/card_quality_full_2026-09-27/hof_probe.csv#steal_exactly_one_at_four_enemy_minions; reports/card_quality_full_2026-09-27/hof_probe.csv#seeded_random_pool_reaches_each_candidate; reports/card_quality_full_2026-09-27/hof_probe.csv#steal_when_battlecry_fills_own_board; per-card: reports/card_quality_full_2026-09-27/hof_probe.csv#no_steal_below_four_enemy_minions; reports/card_quality_full_2026-09-27/hof_probe.csv#steal_exactly_one_at_four_enemy_minions; reports/card_quality_full_2026-09-27/hof_probe.csv#seeded_random_pool_reaches_each_candidate; reports/card_quality_full_2026-09-27/hof_probe.csv#steal_when_battlecry_fills_own_board,聚合状态取该卡最差机制；普通烟测只证明可执行，不能单独构成 GREEN。 三敌方不触发、四敌方随机候选均已通过；额外实测己方满场后的夺取。,"[x]Battlecry: If your opponent has 4 or more minions, take  control of one at random.",fireplace/cards/classic/neutral_rare.py:109
17.6.0.53261,Hall of Fame (HOF),EX1_105,Mountain Giant,山岭巨人,Cost modification,GREEN,implemented,yes,巨人费用对手牌中其余卡牌逐张减1，并随卡牌离手恢复。,card_mechanism.csv#EX1_105; generic-play-smoke:unplayable_in_generic_setup; effect-evidence: reports/card_quality_full_2026-09-27/hof_probe.csv#cost_tracks_other_hand_cards; per-card: reports/card_quality_full_2026-09-27/hof_probe.csv#cost_tracks_other_hand_cards,聚合状态取该卡最差机制；普通烟测只证明可执行，不能单独构成 GREEN。 1 条独立实战行为 case；EN/ZH 文案、脚本与已有测试引用见 hof_probe.csv 对应 notes；源码=fireplace/cards/classic/neutral_epic.py:15；既有测试=tests/test_classic.py:2318:test_mountain_giant | tests/test_dsl.py:129:test_high_low_atk_selectors；前次 audit 状态为 YELLOW。,Costs (1) less for each other card in your hand.,fireplace/cards/classic/neutral_epic.py:15
17.6.0.53261,Hall of Fame (HOF),EX1_112,Gelbin Mekkatorque,格尔宾·梅卡托克,Battlecry|Random effects|Summon,GREEN,implemented,yes,40个固定种子覆盖全部四种发明；分别实测小鸡下回合开始亡语抽3、修理机器人回合末治疗6、壮胆器回合末随机+1/+1、变鸡器下回合开始随机变形及控制者。,card_mechanism.csv#EX1_112; generic-play-smoke:played; effect-evidence: reports/card_quality_full_2026-09-27/hof_probe.csv#four_inventions_reachable; reports/card_quality_full_2026-09-27/hof_probe.csv#homing_chicken_delayed_draw_three; reports/card_quality_full_2026-09-27/hof_probe.csv#repair_bot_heals_six; reports/card_quality_full_2026-09-27/hof_probe.csv#emboldener_random_plus_one_plus_one; reports/card_quality_full_2026-09-27/hof_probe.csv#poultryizer_delayed_morph; reports/card_quality_full_2026-09-27/hof_probe.csv#battlecry_summons_one_allowed_random_invention; reports/card_quality_full_2026-09-27/hof_probe.csv#repair_bot_fixed_seed_multiple_damaged_character_domain; per-card: reports/card_quality_full_2026-09-27/hof_probe.csv#four_inventions_reachable; reports/card_quality_full_2026-09-27/hof_probe.csv#homing_chicken_delayed_draw_three; reports/card_quality_full_2026-09-27/hof_probe.csv#repair_bot_heals_six; reports/card_quality_full_2026-09-27/hof_probe.csv#emboldener_random_plus_one_plus_one; reports/card_quality_full_2026-09-27/hof_probe.csv#poultryizer_delayed_morph; reports/card_quality_full_2026-09-27/hof_probe.csv#battlecry_summons_one_allowed_random_invention; reports/card_quality_full_2026-09-27/hof_probe.csv#repair_bot_fixed_seed_multiple_damaged_character_domain,聚合状态取该卡最差机制；普通烟测只证明可执行，不能单独构成 GREEN。 hof_probe.py 原战吼断言 + hof_gelbin_detail.py 四分支实战断言。,Battlecry: Summon an AWESOME invention.,fireplace/cards/classic/neutral_legendary.py:68
17.6.0.53261,Hall of Fame (HOF),EX1_116,Leeroy Jenkins,火车王里诺艾,Battlecry|Charge|Summon,RED,partial,yes,敌方场上原有7随从时，勒罗伊战吼仍新增两只雏龙，使敌方场上达9个实体；违反7格上限。,card_mechanism.csv#EX1_116; generic-play-smoke:played; effect-evidence: reports/card_quality_full_2026-09-27/hof_probe.csv#charge_attack_and_two_opponent_whelps; reports/card_quality_full_2026-09-27/hof_probe.csv#battlecry_on_full_enemy_board; per-card: reports/card_quality_full_2026-09-27/hof_probe.csv#charge_attack_and_two_opponent_whelps; reports/card_quality_full_2026-09-27/hof_probe.csv#battlecry_on_full_enemy_board,聚合状态取该卡最差机制；普通烟测只证明可执行，不能单独构成 GREEN。 hof_probe.py 普通场面通过；hof_leeroy_full_board.py 敌方满场复现。,Charge. Battlecry: Summon two 1/1 Whelps for your opponent.,fireplace/cards/classic/neutral_legendary.py:102
17.6.0.53261,Hall of Fame (HOF),EX1_128,Conceal,隐藏,Spell resolution,GREEN,implemented,yes,友方随从获得潜行直到己方下回合；其自身潜行不被该临时效果移除。,card_mechanism.csv#EX1_128; generic-play-smoke:played; effect-evidence: reports/card_quality_full_2026-09-27/hof_probe.csv#friendly_minions_stealth_expires_next_turn; per-card: reports/card_quality_full_2026-09-27/hof_probe.csv#friendly_minions_stealth_expires_next_turn,聚合状态取该卡最差机制；普通烟测只证明可执行，不能单独构成 GREEN。 1 条独立实战行为 case；EN/ZH 文案、脚本与已有测试引用见 hof_probe.csv 对应 notes；源码=fireplace/cards/classic/rogue.py:142；既有测试=tests/test_classic.py:817:test_conceal | tests/test_classic.py:838:test_conceal_alarmobot；前次 audit 状态为 YELLOW。,Give your minions Stealth until your next turn.,fireplace/cards/classic/rogue.py:142
17.6.0.53261,Hall of Fame (HOF),EX1_161,Naturalize,自然平衡,Draw / Discard|Spell resolution|Targeting,RED,partial,yes,自然平衡摧毁目标且对手实际抽了两张牌，但本回合抽牌计数错误记为施法者+2、对手+0。,card_mechanism.csv#EX1_161; generic-play-smoke:played; effect-evidence: reports/card_quality_full_2026-09-27/hof_probe.csv#destroy_target_and_opponent_draws_two; per-card: reports/card_quality_full_2026-09-27/hof_probe.csv#destroy_target_and_opponent_draws_two,聚合状态取该卡最差机制；普通烟测只证明可执行，不能单独构成 GREEN。 1 条独立实战行为 case；EN/ZH 文案、脚本与已有测试引用见 hof_probe.csv 对应 notes；源码=fireplace/cards/classic/druid.py:250；既有测试=tests/test_blackrock.py:66:test_chromaggus_naturalize | tests/test_league.py:178:test_djinni_of_zephyrs；前次 audit 状态为 YELLOW。,Destroy a minion. Your opponent draws 2 cards.,fireplace/cards/classic/druid.py:250
17.6.0.53261,Hall of Fame (HOF),EX1_284,Azure Drake,碧蓝幼龙,Battlecry|Draw / Discard|Spell Damage,GREEN,implemented,yes,战吼抽到一张实体牌；龙在场时法术伤害增加1。,card_mechanism.csv#EX1_284; generic-play-smoke:played; effect-evidence: reports/card_quality_full_2026-09-27/hof_probe.csv#battlecry_draw_and_spell_damage_aura; per-card: reports/card_quality_full_2026-09-27/hof_probe.csv#battlecry_draw_and_spell_damage_aura,聚合状态取该卡最差机制；普通烟测只证明可执行，不能单独构成 GREEN。 1 条独立实战行为 case；EN/ZH 文案、脚本与已有测试引用见 hof_probe.csv 对应 notes；源码=fireplace/cards/classic/neutral_rare.py:151；既有测试=tests/test_wog.py:196:test_deathwing_dragonlord；前次 audit 状态为 YELLOW。,Spell Damage +1 Battlecry: Draw a card.,fireplace/cards/classic/neutral_rare.py:151
17.6.0.53261,Hall of Fame (HOF),EX1_295,Ice Block,寒冰屏障,Secret|Spell resolution|Trigger,GREEN,implemented,yes,冰箱不响应非致命伤害；致命伤害被阻止，英雄剩1血并在本回合获得免疫。,card_mechanism.csv#EX1_295; generic-play-smoke:played; effect-evidence: reports/card_quality_full_2026-09-27/hof_probe.csv#secret_waits_for_fatal_damage_then_prevents_it; per-card: reports/card_quality_full_2026-09-27/hof_probe.csv#secret_waits_for_fatal_damage_then_prevents_it,聚合状态取该卡最差机制；普通烟测只证明可执行，不能单独构成 GREEN。 1 条独立实战行为 case；EN/ZH 文案、脚本与已有测试引用见 hof_probe.csv 对应 notes；源码=fireplace/cards/classic/mage.py:183；既有测试=tests/test_gangs.py:345:test_kabal_crystal_runner | tests/test_karazhan.py:347:test_medivh | tests/test_secrets.py:346:test_ice_block | tests/test_secrets.py:360:test_ice_block；前次 audit 状态为 YELLOW。,"Secret: When your hero takes fatal damage, prevent it and become Immune this turn.",fireplace/cards/classic/mage.py:183
17.6.0.53261,Hall of Fame (HOF),EX1_298,Ragnaros the Firelord,炎魔之王拉格纳罗斯,Random effects|Trigger,GREEN,implemented,yes,不能攻击；回合结束对唯一合法敌方角色造成8点伤害。,card_mechanism.csv#EX1_298; generic-play-smoke:played; effect-evidence: reports/card_quality_full_2026-09-27/hof_probe.csv#seeded_random_enemy_character_domain; reports/card_quality_full_2026-09-27/hof_probe.csv#cannot_attack_and_hits_only_enemy_at_end_turn; per-card: reports/card_quality_full_2026-09-27/hof_probe.csv#seeded_random_enemy_character_domain; reports/card_quality_full_2026-09-27/hof_probe.csv#cannot_attack_and_hits_only_enemy_at_end_turn,聚合状态取该卡最差机制；普通烟测只证明可执行，不能单独构成 GREEN。 2 条独立实战行为 case；EN/ZH 文案、脚本与已有测试引用见 hof_probe.csv 对应 notes；源码=fireplace/cards/classic/neutral_legendary.py:114；既有测试=tests/test_classic.py:2406:test_perditions_blade | tests/test_classic.py:2710:test_ragnaros | tests/test_classic.py:3834:test_gruul_ragnaros | tests/test_icecrown.py:30:test_drakkari_enchanter；前次 audit 状态为 YELLOW。,"Can't attack. At the end of your turn, deal 8 damage to a random enemy.",fireplace/cards/classic/neutral_legendary.py:114
17.6.0.53261,Hall of Fame (HOF),EX1_310,Doomguard,末日守卫,Battlecry|Charge|Draw / Discard|Random effects,GREEN,implemented,yes,战吼随机弃掉两张其他手牌并保留第三张；具有冲锋且可立即造成5点攻击伤害。,card_mechanism.csv#EX1_310; generic-play-smoke:played; effect-evidence: reports/card_quality_full_2026-09-27/hof_probe.csv#seeded_two_of_three_discard_domain; reports/card_quality_full_2026-09-27/hof_probe.csv#zero_and_one_other_hand_cards; reports/card_quality_full_2026-09-27/hof_probe.csv#battlecry_discards_two_random_and_charge_attacks; per-card: reports/card_quality_full_2026-09-27/hof_probe.csv#seeded_two_of_three_discard_domain; reports/card_quality_full_2026-09-27/hof_probe.csv#zero_and_one_other_hand_cards; reports/card_quality_full_2026-09-27/hof_probe.csv#battlecry_discards_two_random_and_charge_attacks,聚合状态取该卡最差机制；普通烟测只证明可执行，不能单独构成 GREEN。 3 条独立实战行为 case；EN/ZH 文案、脚本与已有测试引用见 hof_probe.csv 对应 notes；源码=fireplace/cards/classic/warlock.py:49；既有测试=tests/test_karazhan.py:267:test_malchezaars_imp | tests/test_karazhan.py:275:test_malchezaars_imp | tests/test_naxxramas.py:560:test_voidcaller；前次 audit 状态为 YELLOW。,Charge. Battlecry: Discard two random cards.,fireplace/cards/classic/warlock.py:49
17.6.0.53261,Hall of Fame (HOF),EX1_316,Power Overwhelming,力量的代价,Spell resolution|Targeting,GREEN,implemented,yes,友方随从本回合获得+4/+4；回合结束后被摧毁。,card_mechanism.csv#EX1_316; generic-play-smoke:played; effect-evidence: reports/card_quality_full_2026-09-27/hof_probe.csv#friendly_minion_gets_4_4_then_dies_at_turn_end; per-card: reports/card_quality_full_2026-09-27/hof_probe.csv#friendly_minion_gets_4_4_then_dies_at_turn_end,聚合状态取该卡最差机制；普通烟测只证明可执行，不能单独构成 GREEN。 1 条独立实战行为 case；EN/ZH 文案、脚本与已有测试引用见 hof_probe.csv 对应 notes；源码=fireplace/cards/classic/warlock.py:168；既有测试=tests/test_classic.py:2472:test_power_overwhelming | tests/test_classic.py:3571:test_void_terror；前次 audit 状态为 YELLOW。,"Give a friendly minion +4/+4 until end of turn. Then, it dies. Horribly.",fireplace/cards/classic/warlock.py:168
17.6.0.53261,Hall of Fame (HOF),EX1_349,Divine Favor,神恩术,Draw / Discard|Spell resolution,GREEN,implemented,yes,手牌少于对手时抽至数量相等；手牌已多于对手时不抽。,card_mechanism.csv#EX1_349; generic-play-smoke:played; effect-evidence: reports/card_quality_full_2026-09-27/hof_probe.csv#draw_until_matching_larger_opponent_hand; reports/card_quality_full_2026-09-27/hof_probe.csv#no_draw_when_already_ahead; per-card: reports/card_quality_full_2026-09-27/hof_probe.csv#draw_until_matching_larger_opponent_hand; reports/card_quality_full_2026-09-27/hof_probe.csv#no_draw_when_already_ahead,聚合状态取该卡最差机制；普通烟测只证明可执行，不能单独构成 GREEN。 2 条独立实战行为 case；EN/ZH 文案、脚本与已有测试引用见 hof_probe.csv 对应 notes；源码=fireplace/cards/classic/paladin.py:91；既有测试=tests/test_classic.py:1051:test_divine_favor | tests/test_classic.py:1056:test_divine_favor；前次 audit 状态为 YELLOW。,Draw cards until you have as many in hand as your opponent.,fireplace/cards/classic/paladin.py:91
17.6.0.53261,Hall of Fame (HOF),EX1_350,Prophet Velen,先知维伦,Continuous effect / Update,GREEN,implemented,yes,在场时法术伤害/治疗与英雄技能治疗均翻倍。,card_mechanism.csv#EX1_350; generic-play-smoke:played; effect-evidence: reports/card_quality_full_2026-09-27/hof_probe.csv#double_spell_damage_spell_healing_and_hero_power_healing; per-card: reports/card_quality_full_2026-09-27/hof_probe.csv#double_spell_damage_spell_healing_and_hero_power_healing,聚合状态取该卡最差机制；普通烟测只证明可执行，不能单独构成 GREEN。 1 条独立实战行为 case；EN/ZH 文案、脚本与已有测试引用见 hof_probe.csv 对应 notes；源码=fireplace/cards/classic/priest.py:38；既有测试=tests/test_classic.py:2568:test_prophet_velen | tests/test_classic.py:2605:test_prophet_velen_multiple | tests/test_classic.py:2609:test_prophet_velen_multiple；前次 audit 状态为 YELLOW。,Double the damage and healing of your spells and Hero Power.,fireplace/cards/classic/priest.py:38
17.6.0.53261,Hall of Fame (HOF),EX1_591,Auchenai Soulpriest,奥金尼灵魂祭司,Continuous effect / Update,GREEN,implemented,yes,己方英雄技能和治疗法术都改为对原目标造成对应伤害。,card_mechanism.csv#EX1_591; generic-play-smoke:played; effect-evidence: reports/card_quality_full_2026-09-27/hof_probe.csv#hero_power_and_healing_spell_deal_damage; per-card: reports/card_quality_full_2026-09-27/hof_probe.csv#hero_power_and_healing_spell_deal_damage,聚合状态取该卡最差机制；普通烟测只证明可执行，不能单独构成 GREEN。 1 条独立实战行为 case；EN/ZH 文案、脚本与已有测试引用见 hof_probe.csv 对应 notes；源码=fireplace/cards/classic/priest.py:51；既有测试=tests/test_auchenai_soulpriest.py:6:test_auchenai_soulpriest | tests/test_auchenai_soulpriest.py:17:test_auchenai_soulpriest_divine_shield | tests/test_auchenai_soulpriest.py:29:test_auchenai_soulpriest_light_of_the_naaru | tests/test_auchenai_soulpriest.py:63:test_auchenai_soulpriest_power_word_glory | tests/test_auchenai_soulpriest.py:77:test_auchenai_soulpriest_stoneskin_gargoyle_ | tests/test_misc.py:88:test_lifesteal_and_auchenai；前次 audit 状态为 YELLOW。,Your cards and powers that restore Health now deal damage instead.,fireplace/cards/classic/priest.py:51
17.6.0.53261,Hall of Fame (HOF),EX1_620,Molten Giant,熔核巨人,Cost modification,GREEN,implemented,yes,巨人的费用随英雄实际承受伤害逐点降低。,card_mechanism.csv#EX1_620; generic-play-smoke:unplayable_in_generic_setup; effect-evidence: reports/card_quality_full_2026-09-27/hof_probe.csv#cost_decreases_with_hero_damage; per-card: reports/card_quality_full_2026-09-27/hof_probe.csv#cost_decreases_with_hero_damage,聚合状态取该卡最差机制；普通烟测只证明可执行，不能单独构成 GREEN。 1 条独立实战行为 case；EN/ZH 文案、脚本与已有测试引用见 hof_probe.csv 对应 notes；源码=fireplace/cards/classic/neutral_epic.py:59；既有测试=tests/test_blackrock.py:195:test_emperor_thaurissan_molten_recombobulator | tests/test_classic.py:787:test_commanding_shout | tests/test_classic.py:2263:test_molten_giant | tests/test_classic.py:2275:test_molten_giant | tests/test_classic.py:3243:test_summoning_portal | tests/test_dragons.py:232:test_chaos_gazer | tests/test_gvg.py:865:test_recombobulator_molten_giant | tests/test_jaraxxus.py:59:test_jaraxxus_molten_giant；前次 audit 状态为 YELLOW。,Costs (1) less for each damage your hero has taken.,fireplace/cards/classic/neutral_epic.py:59
17.6.0.53261,Hall of Fame (HOF),EX1_624,Holy Fire,神圣之火,Spell resolution|Targeting,GREEN,implemented,yes,指定敌方英雄受到5伤；己方受伤英雄恢复5血。,card_mechanism.csv#EX1_624; generic-play-smoke:played; effect-evidence: reports/card_quality_full_2026-09-27/hof_probe.csv#deal_five_to_target_and_restore_five_to_friendly_hero; per-card: reports/card_quality_full_2026-09-27/hof_probe.csv#deal_five_to_target_and_restore_five_to_friendly_hero,聚合状态取该卡最差机制；普通烟测只证明可执行，不能单独构成 GREEN。 1 条独立实战行为 case；EN/ZH 文案、脚本与已有测试引用见 hof_probe.csv 对应 notes；源码=fireplace/cards/classic/priest.py:273；既有测试=无；前次 audit 状态为 YELLOW。,Deal $5 damage. Restore #5 Health to your hero.,fireplace/cards/classic/priest.py:273
17.6.0.53261,Hall of Fame (HOF),EX1_625,Shadowform,暗影形态,Spell resolution|Summon,GREEN,implemented,yes,第一次变为2伤害英雄技能；第二次升级到3伤害英雄技能。,card_mechanism.csv#EX1_625; generic-play-smoke:played; effect-evidence: reports/card_quality_full_2026-09-27/hof_probe.csv#hero_power_upgrades_from_two_to_three_damage; per-card: reports/card_quality_full_2026-09-27/hof_probe.csv#hero_power_upgrades_from_two_to_three_damage,聚合状态取该卡最差机制；普通烟测只证明可执行，不能单独构成 GREEN。 1 条独立实战行为 case；EN/ZH 文案、脚本与已有测试引用见 hof_probe.csv 对应 notes；源码=fireplace/cards/classic/priest.py:280；既有测试=tests/test_classic.py:2974:test_shadowform | tests/test_classic.py:2993:test_shadowform | tests/test_classic.py:3002:test_shadowform；前次 audit 状态为 YELLOW。,Your Hero Power becomes 'Deal 2 damage'. If already in Shadowform: 3 damage.,fireplace/cards/classic/priest.py:280
17.6.0.53261,Hall of Fame (HOF),GIL_130,Gloom Stag,阴郁的牡鹿,Battlecry|Taunt,GREEN,implemented,yes,纯奇数费用牌库时获得+2/+2；混入偶数费用牌后无增益；嘲讽始终存在。,card_mechanism.csv#GIL_130; generic-play-smoke:played; effect-evidence: reports/card_quality_full_2026-09-27/hof_probe.csv#only_odd_deck_adds_two_two; reports/card_quality_full_2026-09-27/hof_probe.csv#mixed_deck_keeps_base_stats; per-card: reports/card_quality_full_2026-09-27/hof_probe.csv#only_odd_deck_adds_two_two; reports/card_quality_full_2026-09-27/hof_probe.csv#mixed_deck_keeps_base_stats,聚合状态取该卡最差机制；普通烟测只证明可执行，不能单独构成 GREEN。 2 条独立实战行为 case；EN/ZH 文案、脚本与已有测试引用见 hof_probe.csv 对应 notes；源码=fireplace/cards/witchwood/druid.py:8；既有测试=无；前次 audit 状态为 YELLOW。,"Taunt Battlecry: If your deck has only odd-Cost cards, gain +2/+2.",fireplace/cards/witchwood/druid.py:8
17.6.0.53261,Hall of Fame (HOF),GIL_530,Murkspark Eel,阴燃电鳗,Battlecry|Targeting,GREEN,implemented,yes,纯偶数费用牌库时必须指定目标并造成2伤；混合牌库时无战吼效果且不需目标。,card_mechanism.csv#GIL_530; generic-play-smoke:played; effect-evidence: reports/card_quality_full_2026-09-27/hof_probe.csv#all_even_deck_requires_target_and_deals_two; reports/card_quality_full_2026-09-27/hof_probe.csv#mixed_deck_has_no_target_and_no_damage; per-card: reports/card_quality_full_2026-09-27/hof_probe.csv#all_even_deck_requires_target_and_deals_two; reports/card_quality_full_2026-09-27/hof_probe.csv#mixed_deck_has_no_target_and_no_damage,聚合状态取该卡最差机制；普通烟测只证明可执行，不能单独构成 GREEN。 2 条独立实战行为 case；EN/ZH 文案、脚本与已有测试引用见 hof_probe.csv 对应 notes；源码=fireplace/cards/witchwood/shaman.py:8；既有测试=tests/test_witchwood.py:68:test_murkspark_eel | tests/test_witchwood.py:73:test_murkspark_eel；前次 audit 状态为 YELLOW。,"Battlecry: If your deck has only even-Cost cards, deal 2 damage.",fireplace/cards/witchwood/shaman.py:8
17.6.0.53261,Hall of Fame (HOF),GIL_692,Genn Greymane,吉恩·格雷迈恩,Trigger,GREEN,implemented,yes,开局仅在起始牌库全部为偶数费用时将英雄技能费用设为1。,card_mechanism.csv#GIL_692; generic-play-smoke:played; effect-evidence: reports/card_quality_full_2026-09-27/hof_probe.csv#start_of_game_reduces_only_even_deck_power_cost; per-card: reports/card_quality_full_2026-09-27/hof_probe.csv#start_of_game_reduces_only_even_deck_power_cost,聚合状态取该卡最差机制；普通烟测只证明可执行，不能单独构成 GREEN。 1 条独立实战行为 case；EN/ZH 文案、脚本与已有测试引用见 hof_probe.csv 对应 notes；源码=fireplace/cards/witchwood/neutral_legendary.py:41；既有测试=tests/test_witchwood.py:80:test_baku_and_genn；前次 audit 状态为 YELLOW。,"[x]Start of Game: If your deck has only even- Cost cards, your starting Hero Power costs (1).",fireplace/cards/witchwood/neutral_legendary.py:41
17.6.0.53261,Hall of Fame (HOF),GIL_826,Baku the Mooneater,噬月者巴库,Trigger,GREEN,implemented,yes,开局仅在起始牌库全部为奇数费用时升级英雄技能。,card_mechanism.csv#GIL_826; generic-play-smoke:played; effect-evidence: reports/card_quality_full_2026-09-27/hof_probe.csv#start_of_game_upgrades_only_odd_deck_power; per-card: reports/card_quality_full_2026-09-27/hof_probe.csv#start_of_game_upgrades_only_odd_deck_power,聚合状态取该卡最差机制；普通烟测只证明可执行，不能单独构成 GREEN。 1 条独立实战行为 case；EN/ZH 文案、脚本与已有测试引用见 hof_probe.csv 对应 notes；源码=fireplace/cards/witchwood/neutral_legendary.py:61；既有测试=tests/test_witchwood.py:79:test_baku_and_genn；前次 audit 状态为 YELLOW。,"[x]Start of Game: If your deck has only odd- Cost cards, upgrade your Hero Power.",fireplace/cards/witchwood/neutral_legendary.py:61
17.6.0.53261,Hall of Fame (HOF),GIL_837,Glitter Moth,闪光飞蛾,Battlecry,GREEN,implemented,yes,纯奇数牌库时翻倍其他友方随从生命；混合牌库时不变。,card_mechanism.csv#GIL_837; generic-play-smoke:played; effect-evidence: reports/card_quality_full_2026-09-27/hof_probe.csv#odd_deck_doubles_other_minions_health; reports/card_quality_full_2026-09-27/hof_probe.csv#mixed_deck_leaves_minion_health_unchanged; per-card: reports/card_quality_full_2026-09-27/hof_probe.csv#odd_deck_doubles_other_minions_health; reports/card_quality_full_2026-09-27/hof_probe.csv#mixed_deck_leaves_minion_health_unchanged,聚合状态取该卡最差机制；普通烟测只证明可执行，不能单独构成 GREEN。 2 条独立实战行为 case；EN/ZH 文案、脚本与已有测试引用见 hof_probe.csv 对应 notes；源码=fireplace/cards/witchwood/priest.py:68；既有测试=无；前次 audit 状态为 YELLOW。,"Battlecry: If your deck has only odd-Cost cards, double the Health of your other minions.",fireplace/cards/witchwood/priest.py:68
17.6.0.53261,Hall of Fame (HOF),GIL_838,Black Cat,黑猫,Battlecry|Draw / Discard|Spell Damage,GREEN,implemented,yes,纯奇数牌库时战吼抽牌；混合牌库时不抽；法术伤害+1始终有效。,card_mechanism.csv#GIL_838; generic-play-smoke:played; effect-evidence: reports/card_quality_full_2026-09-27/hof_probe.csv#odd_deck_draws_and_spell_damage_always_applies; reports/card_quality_full_2026-09-27/hof_probe.csv#mixed_deck_skips_draw_but_keeps_spell_damage; per-card: reports/card_quality_full_2026-09-27/hof_probe.csv#odd_deck_draws_and_spell_damage_always_applies; reports/card_quality_full_2026-09-27/hof_probe.csv#mixed_deck_skips_draw_but_keeps_spell_damage,聚合状态取该卡最差机制；普通烟测只证明可执行，不能单独构成 GREEN。 2 条独立实战行为 case；EN/ZH 文案、脚本与已有测试引用见 hof_probe.csv 对应 notes；源码=fireplace/cards/witchwood/mage.py:62；既有测试=无；前次 audit 状态为 YELLOW。,"Spell Damage +1  Battlecry: If your deck has only odd-Cost cards, draw a card.",fireplace/cards/witchwood/mage.py:62
17.6.0.53261,Hall of Fame (HOF),NEW1_004,Vanish,消失,Spell resolution,RED,partial,yes,消失作用于被偷取的随从时，实际回到当前控制者手牌，违反回到原拥有者手牌的文案。,card_mechanism.csv#NEW1_004; generic-play-smoke:played; effect-evidence: reports/card_quality_full_2026-09-27/hof_probe.csv#return_every_minion_to_its_owner_hand; reports/card_quality_full_2026-09-27/hof_probe.csv#stolen_minion_returns_original_owner; per-card: reports/card_quality_full_2026-09-27/hof_probe.csv#return_every_minion_to_its_owner_hand; reports/card_quality_full_2026-09-27/hof_probe.csv#stolen_minion_returns_original_owner,聚合状态取该卡最差机制；普通烟测只证明可执行，不能单独构成 GREEN。 原双方普通随从回手分支已通过；额外执行拥有者与当前控制者不同的对照。,Return all minions to their owner's hand.,fireplace/cards/classic/rogue.py:218
17.6.0.53261,Hall of Fame (HOF),NEW1_016,Captain's Parrot,船长的鹦鹉,Battlecry|Draw / Discard,GREEN,implemented,yes,战吼从牌库随机抽取海盗；无海盗时不抽，非海盗牌留在牌库。,card_mechanism.csv#NEW1_016; generic-play-smoke:played; effect-evidence: reports/card_quality_full_2026-09-27/hof_probe.csv#seeded_draw_selects_only_pirates; reports/card_quality_full_2026-09-27/hof_probe.csv#no_pirate_deck_draws_nothing; per-card: reports/card_quality_full_2026-09-27/hof_probe.csv#seeded_draw_selects_only_pirates; reports/card_quality_full_2026-09-27/hof_probe.csv#no_pirate_deck_draws_nothing,聚合状态取该卡最差机制；普通烟测只证明可执行，不能单独构成 GREEN。 2 条独立实战行为 case；EN/ZH 文案、脚本与已有测试引用见 hof_probe.csv 对应 notes；源码=fireplace/cards/classic/neutral_epic.py:65；既有测试=tests/test_classic.py:639:test_captains_parrot | tests/test_classic.py:644:test_captains_parrot | tests/test_classic.py:651:test_captains_parrot；前次 audit 状态为 YELLOW。,Battlecry: Draw a Pirate from your deck.,fireplace/cards/classic/neutral_epic.py:65
17.6.0.53261,Hall of Fame (HOF),PRO_001,Elite Tauren Chieftain,精英牛头人酋长,Battlecry|Random effects,GREEN,implemented,yes,战吼让双方各获得一张力量和弦；固定种子覆盖三种可选牌。,card_mechanism.csv#PRO_001; generic-play-smoke:played; effect-evidence: reports/card_quality_full_2026-09-27/hof_probe.csv#battlecry_gives_both_players_one_power_chord; reports/card_quality_full_2026-09-27/hof_probe.csv#seeded_random_pools_reach_all_three_chords_for_both_players; per-card: reports/card_quality_full_2026-09-27/hof_probe.csv#battlecry_gives_both_players_one_power_chord; reports/card_quality_full_2026-09-27/hof_probe.csv#seeded_random_pools_reach_all_three_chords_for_both_players,聚合状态取该卡最差机制；普通烟测只证明可执行，不能单独构成 GREEN。 2 条独立实战行为 case；EN/ZH 文案、脚本与已有测试引用见 hof_probe.csv 对应 notes；源码=fireplace/cards/classic/neutral_legendary.py:244；既有测试=tests/test_classic.py:1204:test_elite_tauren_chieftain；前次 audit 状态为 YELLOW。,Battlecry: Give both players the power to ROCK! (with a Power Chord card),fireplace/cards/classic/neutral_legendary.py:244
