version,set,card_id,name_en,name_zh,mechanic,status,implementation,tested,reason,evidence,notes,scope,card_type,collectible,python_source,card_text_en
17.6.0.53261,Knights of the Frozen Throne (ICECROWN),ICC_018,Phantom Freebooter,幻影海盗,Battlecry,YELLOW,implemented,partial,1 个机制缺少充分的核心效果验证；逐机制依据见 card_mechanism.csv。,card_mechanism.csv#ICC_018; generic-play-smoke:played,聚合状态取该卡最差机制；普通烟测只证明可执行，不能单独构成 GREEN。,ordinary_collectible,MINION,yes,fireplace/cards/icecrown/neutral_rare.py:8,Battlecry: Gain stats equal to your weapon's.
17.6.0.53261,Knights of the Frozen Throne (ICECROWN),ICC_019,Skelemancer,骷髅法师,Deathrattle|Summon,YELLOW,implemented,partial,2 个机制缺少充分的核心效果验证；逐机制依据见 card_mechanism.csv。,card_mechanism.csv#ICC_019; generic-play-smoke:played,聚合状态取该卡最差机制；普通烟测只证明可执行，不能单独构成 GREEN。,ordinary_collectible,MINION,yes,fireplace/cards/icecrown/neutral_common.py:8,"Deathrattle: If it's your opponent's turn, summon an 8/8 Skeleton."
17.6.0.53261,Knights of the Frozen Throne (ICECROWN),ICC_021,Exploding Bloatbat,自爆肿胀蝠,Deathrattle,YELLOW,implemented,partial,1 个机制缺少充分的核心效果验证；逐机制依据见 card_mechanism.csv。,card_mechanism.csv#ICC_021; generic-play-smoke:played,聚合状态取该卡最差机制；普通烟测只证明可执行，不能单独构成 GREEN。,ordinary_collectible,MINION,yes,fireplace/cards/icecrown/hunter.py:9,Deathrattle: Deal 2 damage to all enemy minions.
17.6.0.53261,Knights of the Frozen Throne (ICECROWN),ICC_025,Rattling Rascal,骷髅捣蛋鬼,Battlecry|Deathrattle|Summon,YELLOW,implemented,partial,3 个机制缺少充分的核心效果验证；逐机制依据见 card_mechanism.csv。,card_mechanism.csv#ICC_025; generic-play-smoke:played,聚合状态取该卡最差机制；普通烟测只证明可执行，不能单独构成 GREEN。,ordinary_collectible,MINION,yes,fireplace/cards/icecrown/neutral_epic.py:8,[x]Battlecry: Summon a 5/5 Skeleton. Deathrattle: Summon one for your opponent.
17.6.0.53261,Knights of the Frozen Throne (ICECROWN),ICC_026,Grim Necromancer,冷酷的死灵法师,Battlecry|Summon,YELLOW,implemented,partial,2 个机制缺少充分的核心效果验证；逐机制依据见 card_mechanism.csv。,card_mechanism.csv#ICC_026; generic-play-smoke:played,聚合状态取该卡最差机制；普通烟测只证明可执行，不能单独构成 GREEN。,ordinary_collectible,MINION,yes,fireplace/cards/icecrown/neutral_common.py:14,Battlecry: Summon two 1/1 Skeletons.
17.6.0.53261,Knights of the Frozen Throne (ICECROWN),ICC_027,Bone Drake,白骨幼龙,Deathrattle|Random effects,YELLOW,implemented,partial,2 个机制缺少充分的核心效果验证；逐机制依据见 card_mechanism.csv。,card_mechanism.csv#ICC_027; generic-play-smoke:played,聚合状态取该卡最差机制；普通烟测只证明可执行，不能单独构成 GREEN。,ordinary_collectible,MINION,yes,fireplace/cards/icecrown/neutral_rare.py:19,Deathrattle: Add a random Dragon to your hand.
17.6.0.53261,Knights of the Frozen Throne (ICECROWN),ICC_028,Sunborne Val'kyr,阳焰瓦格里,Battlecry,YELLOW,implemented,partial,1 个机制缺少充分的核心效果验证；逐机制依据见 card_mechanism.csv。,card_mechanism.csv#ICC_028; generic-play-smoke:played,聚合状态取该卡最差机制；普通烟测只证明可执行，不能单独构成 GREEN。,ordinary_collectible,MINION,yes,fireplace/cards/icecrown/neutral_common.py:23,Battlecry: Give adjacent minions +2 Health.
17.6.0.53261,Knights of the Frozen Throne (ICECROWN),ICC_029,Cobalt Scalebane,深蓝刃鳞龙人,Random effects|Trigger,YELLOW,implemented,partial,2 个机制缺少充分的核心效果验证；逐机制依据见 card_mechanism.csv。,card_mechanism.csv#ICC_029; generic-play-smoke:played,聚合状态取该卡最差机制；普通烟测只证明可执行，不能单独构成 GREEN。,ordinary_collectible,MINION,yes,fireplace/cards/icecrown/neutral_common.py:29,"At the end of your turn, give another random friendly minion +3 Attack."
17.6.0.53261,Knights of the Frozen Throne (ICECROWN),ICC_031,Night Howler,暗夜嗥狼,Trigger,YELLOW,implemented,partial,1 个机制缺少充分的核心效果验证；逐机制依据见 card_mechanism.csv。,card_mechanism.csv#ICC_031; generic-play-smoke:played,聚合状态取该卡最差机制；普通烟测只证明可执行，不能单独构成 GREEN。,ordinary_collectible,MINION,yes,fireplace/cards/icecrown/neutral_common.py:38,"Whenever this minion takes damage, gain +2 Attack."
17.6.0.53261,Knights of the Frozen Throne (ICECROWN),ICC_032,Venomancer,制毒师,Poisonous,YELLOW,implemented,partial,1 个机制缺少充分的核心效果验证；逐机制依据见 card_mechanism.csv。,card_mechanism.csv#ICC_032; generic-play-smoke:played,聚合状态取该卡最差机制；普通烟测只证明可执行，不能单独构成 GREEN。,ordinary_collectible,MINION,yes,,Poisonous
17.6.0.53261,Knights of the Frozen Throne (ICECROWN),ICC_034,Arrogant Crusader,傲慢的十字军,Deathrattle|Summon,YELLOW,implemented,partial,2 个机制缺少充分的核心效果验证；逐机制依据见 card_mechanism.csv。,card_mechanism.csv#ICC_034; generic-play-smoke:played,聚合状态取该卡最差机制；普通烟测只证明可执行，不能单独构成 GREEN。,ordinary_collectible,MINION,yes,fireplace/cards/icecrown/paladin.py:8,"Deathrattle: If it's your opponent's turn, summon a 2/2 Ghoul."
17.6.0.53261,Knights of the Frozen Throne (ICECROWN),ICC_038,Righteous Protector,正义保护者,Divine Shield|Taunt,YELLOW,implemented,partial,2 个机制缺少充分的核心效果验证；逐机制依据见 card_mechanism.csv。,card_mechanism.csv#ICC_038; generic-play-smoke:played,聚合状态取该卡最差机制；普通烟测只证明可执行，不能单独构成 GREEN。,ordinary_collectible,MINION,yes,,Taunt Divine Shield
17.6.0.53261,Knights of the Frozen Throne (ICECROWN),ICC_039,Dark Conviction,黑暗裁决,Spell resolution|Targeting,YELLOW,implemented,partial,2 个机制缺少充分的核心效果验证；逐机制依据见 card_mechanism.csv。,card_mechanism.csv#ICC_039; generic-play-smoke:played,聚合状态取该卡最差机制；普通烟测只证明可执行，不能单独构成 GREEN。,ordinary_collectible,SPELL,yes,fireplace/cards/icecrown/paladin.py:39,Set a minion's Attack and Health to 3.
17.6.0.53261,Knights of the Frozen Throne (ICECROWN),ICC_041,Defile,亵渎,Spell resolution,YELLOW,implemented,partial,1 个机制缺少充分的核心效果验证；逐机制依据见 card_mechanism.csv。,card_mechanism.csv#ICC_041; generic-play-smoke:played,聚合状态取该卡最差机制；普通烟测只证明可执行，不能单独构成 GREEN。,ordinary_collectible,SPELL,yes,fireplace/cards/icecrown/warlock.py:50,"Deal $1 damage to all minions. If any die, cast this again."
17.6.0.53261,Knights of the Frozen Throne (ICECROWN),ICC_047,Fatespinner,命运织网蛛,Choose One|Targeting,YELLOW,implemented,partial,2 个机制缺少充分的核心效果验证；逐机制依据见 card_mechanism.csv。,card_mechanism.csv#ICC_047; generic-play-smoke:played,聚合状态取该卡最差机制；普通烟测只证明可执行，不能单独构成 GREEN。,ordinary_collectible,MINION,yes,fireplace/cards/icecrown/druid.py:8,Choose a Deathrattle (Secretly) - Deal 3 damage to all minions; or Give them +2/+2.
17.6.0.53261,Knights of the Frozen Throne (ICECROWN),ICC_049,Toxic Arrow,剧毒箭矢,Spell resolution|Targeting,YELLOW,implemented,partial,2 个机制缺少充分的核心效果验证；逐机制依据见 card_mechanism.csv。,card_mechanism.csv#ICC_049; generic-play-smoke:played,聚合状态取该卡最差机制；普通烟测只证明可执行，不能单独构成 GREEN。,ordinary_collectible,SPELL,yes,fireplace/cards/icecrown/hunter.py:52,"Deal $2 damage to a minion. If it survives, give it Poisonous."
17.6.0.53261,Knights of the Frozen Throne (ICECROWN),ICC_050,Webweave,蛛网,Spell resolution|Summon,YELLOW,implemented,partial,2 个机制缺少充分的核心效果验证；逐机制依据见 card_mechanism.csv。,card_mechanism.csv#ICC_050; generic-play-smoke:played,聚合状态取该卡最差机制；普通烟测只证明可执行，不能单独构成 GREEN。,ordinary_collectible,SPELL,yes,fireplace/cards/icecrown/druid.py:81,Summon two 1/2 Poisonous Spiders.
17.6.0.53261,Knights of the Frozen Throne (ICECROWN),ICC_051,Druid of the Swarm,虫群德鲁伊,Choose One|Transform,YELLOW,implemented,partial,2 个机制缺少充分的核心效果验证；逐机制依据见 card_mechanism.csv。,card_mechanism.csv#ICC_051; generic-play-smoke:played,聚合状态取该卡最差机制；普通烟测只证明可执行，不能单独构成 GREEN。,ordinary_collectible,MINION,yes,fireplace/cards/icecrown/druid.py:39,Choose One - Transform into a 1/2 with Poisonous; or a 1/5 with Taunt.
17.6.0.53261,Knights of the Frozen Throne (ICECROWN),ICC_052,Play Dead,装死,Spell resolution|Targeting,YELLOW,implemented,partial,2 个机制缺少充分的核心效果验证；逐机制依据见 card_mechanism.csv。,card_mechanism.csv#ICC_052; generic-play-smoke:unplayable_in_generic_setup,聚合状态取该卡最差机制；普通烟测只证明可执行，不能单独构成 GREEN。,ordinary_collectible,SPELL,yes,fireplace/cards/icecrown/hunter.py:62,Trigger a friendly minion's Deathrattle.
17.6.0.53261,Knights of the Frozen Throne (ICECROWN),ICC_054,Spreading Plague,传播瘟疫,Spell resolution|Summon,YELLOW,implemented,partial,2 个机制缺少充分的核心效果验证；逐机制依据见 card_mechanism.csv。,card_mechanism.csv#ICC_054; generic-play-smoke:played,聚合状态取该卡最差机制；普通烟测只证明可执行，不能单独构成 GREEN。,ordinary_collectible,SPELL,yes,fireplace/cards/icecrown/druid.py:90,"Summon a 1/5 Scarab with Taunt. If your opponent has more minions, cast this again."
17.6.0.53261,Knights of the Frozen Throne (ICECROWN),ICC_055,Drain Soul,吸取灵魂,Lifesteal|Spell resolution|Targeting,YELLOW,implemented,partial,3 个机制缺少充分的核心效果验证；逐机制依据见 card_mechanism.csv。,card_mechanism.csv#ICC_055; generic-play-smoke:played,聚合状态取该卡最差机制；普通烟测只证明可执行，不能单独构成 GREEN。,ordinary_collectible,SPELL,yes,fireplace/cards/icecrown/warlock.py:63,Lifesteal Deal $2 damage to a minion.
17.6.0.53261,Knights of the Frozen Throne (ICECROWN),ICC_056,Cryostasis,低温静滞,Spell resolution|Targeting,YELLOW,implemented,partial,2 个机制缺少充分的核心效果验证；逐机制依据见 card_mechanism.csv。,card_mechanism.csv#ICC_056; generic-play-smoke:played,聚合状态取该卡最差机制；普通烟测只证明可执行，不能单独构成 GREEN。,ordinary_collectible,SPELL,yes,fireplace/cards/icecrown/shaman.py:42,Give a minion +3/+3 and Freeze it.
17.6.0.53261,Knights of the Frozen Throne (ICECROWN),ICC_058,Brrrloc,冷冻鱼人,Battlecry|Targeting,YELLOW,implemented,partial,2 个机制缺少充分的核心效果验证；逐机制依据见 card_mechanism.csv。,card_mechanism.csv#ICC_058; generic-play-smoke:played,聚合状态取该卡最差机制；普通烟测只证明可执行，不能单独构成 GREEN。,ordinary_collectible,MINION,yes,fireplace/cards/icecrown/shaman.py:8,Battlecry: Freeze an enemy.
17.6.0.53261,Knights of the Frozen Throne (ICECROWN),ICC_062,Mountainfire Armor,熔甲卫士,Deathrattle,YELLOW,implemented,partial,1 个机制缺少充分的核心效果验证；逐机制依据见 card_mechanism.csv。,card_mechanism.csv#ICC_062; generic-play-smoke:played,聚合状态取该卡最差机制；普通烟测只证明可执行，不能单独构成 GREEN。,ordinary_collectible,MINION,yes,fireplace/cards/icecrown/warrior.py:8,"Deathrattle: If it's your opponent's turn, gain 6 Armor."
17.6.0.53261,Knights of the Frozen Throne (ICECROWN),ICC_064,Blood Razor,血刃剃刀,Battlecry|Deathrattle|Weapon,YELLOW,implemented,partial,3 个机制缺少充分的核心效果验证；逐机制依据见 card_mechanism.csv。,card_mechanism.csv#ICC_064; generic-play-smoke:played,聚合状态取该卡最差机制；普通烟测只证明可执行，不能单独构成 GREEN。,ordinary_collectible,WEAPON,yes,fireplace/cards/icecrown/warrior.py:72,Battlecry and Deathrattle: Deal 1 damage to all minions.
17.6.0.53261,Knights of the Frozen Throne (ICECROWN),ICC_065,Bone Baron,白骨大亨,Deathrattle,YELLOW,implemented,partial,1 个机制缺少充分的核心效果验证；逐机制依据见 card_mechanism.csv。,card_mechanism.csv#ICC_065; generic-play-smoke:played,聚合状态取该卡最差机制；普通烟测只证明可执行，不能单独构成 GREEN。,ordinary_collectible,MINION,yes,fireplace/cards/icecrown/rogue.py:8,Deathrattle: Add two 1/1 Skeletons to your hand.
17.6.0.53261,Knights of the Frozen Throne (ICECROWN),ICC_067,Vryghoul,维库食尸鬼,Deathrattle|Summon,YELLOW,implemented,partial,2 个机制缺少充分的核心效果验证；逐机制依据见 card_mechanism.csv。,card_mechanism.csv#ICC_067; generic-play-smoke:played,聚合状态取该卡最差机制；普通烟测只证明可执行，不能单独构成 GREEN。,ordinary_collectible,MINION,yes,fireplace/cards/icecrown/neutral_common.py:47,"[x]Deathrattle: If it's your opponent's turn, summon a 2/2 Ghoul."
17.6.0.53261,Knights of the Frozen Throne (ICECROWN),ICC_068,Ice Walker,寒冰行者,Targeting|Trigger,YELLOW,implemented,partial,2 个机制缺少充分的核心效果验证；逐机制依据见 card_mechanism.csv。,card_mechanism.csv#ICC_068; generic-play-smoke:played,聚合状态取该卡最差机制；普通烟测只证明可执行，不能单独构成 GREEN。,ordinary_collectible,MINION,yes,fireplace/cards/icecrown/mage.py:8,Your Hero Power also Freezes the target.
17.6.0.53261,Knights of the Frozen Throne (ICECROWN),ICC_069,Ghastly Conjurer,鬼影巫师,Battlecry,YELLOW,implemented,partial,1 个机制缺少充分的核心效果验证；逐机制依据见 card_mechanism.csv。,card_mechanism.csv#ICC_069; generic-play-smoke:played,聚合状态取该卡最差机制；普通烟测只证明可执行，不能单独构成 GREEN。,ordinary_collectible,MINION,yes,fireplace/cards/icecrown/mage.py:14,Battlecry: Add a 'Mirror Image' spell to your hand.
17.6.0.53261,Knights of the Frozen Throne (ICECROWN),ICC_071,Light's Sorrow,光之悲恸,Trigger|Weapon,YELLOW,implemented,partial,2 个机制缺少充分的核心效果验证；逐机制依据见 card_mechanism.csv。,card_mechanism.csv#ICC_071; generic-play-smoke:played,聚合状态取该卡最差机制；普通烟测只证明可执行，不能单独构成 GREEN。,ordinary_collectible,WEAPON,yes,fireplace/cards/icecrown/paladin.py:73,"After a friendly minion loses Divine Shield, gain +1 Attack."
17.6.0.53261,Knights of the Frozen Throne (ICECROWN),ICC_075,Despicable Dreadlord,卑鄙的恐惧魔王,Trigger,YELLOW,implemented,partial,1 个机制缺少充分的核心效果验证；逐机制依据见 card_mechanism.csv。,card_mechanism.csv#ICC_075; generic-play-smoke:played,聚合状态取该卡最差机制；普通烟测只证明可执行，不能单独构成 GREEN。,ordinary_collectible,MINION,yes,fireplace/cards/icecrown/warlock.py:8,"At the end of your turn, deal 1 damage to all enemy minions."
17.6.0.53261,Knights of the Frozen Throne (ICECROWN),ICC_078,Avalanche,雪崩,Spell resolution|Targeting,YELLOW,implemented,partial,2 个机制缺少充分的核心效果验证；逐机制依据见 card_mechanism.csv。,card_mechanism.csv#ICC_078; generic-play-smoke:played,聚合状态取该卡最差机制；普通烟测只证明可执行，不能单独构成 GREEN。,ordinary_collectible,SPELL,yes,fireplace/cards/icecrown/shaman.py:55,Freeze a minion and deal $3 damage to adjacent ones.
17.6.0.53261,Knights of the Frozen Throne (ICECROWN),ICC_079,Gnash,铁齿铜牙,Spell resolution,YELLOW,implemented,partial,1 个机制缺少充分的核心效果验证；逐机制依据见 card_mechanism.csv。,card_mechanism.csv#ICC_079; generic-play-smoke:played,聚合状态取该卡最差机制；普通烟测只证明可执行，不能单独构成 GREEN。,ordinary_collectible,SPELL,yes,fireplace/cards/icecrown/druid.py:101,Give your hero +3 Attack this turn. Gain 3 Armor.
17.6.0.53261,Knights of the Frozen Throne (ICECROWN),ICC_081,Drakkari Defender,达卡莱防御者,Overload|Taunt,YELLOW,implemented,partial,1 个机制缺少充分的核心效果验证；逐机制依据见 card_mechanism.csv。,card_mechanism.csv#ICC_081; generic-play-smoke:played; effect-evidence: reports/card_quality_full_2026-09-27/overload_reproductions.csv#ICC_081,聚合状态取该卡最差机制；普通烟测只证明可执行，不能单独构成 GREEN。,ordinary_collectible,MINION,yes,,Taunt Overload: (3)
17.6.0.53261,Knights of the Frozen Throne (ICECROWN),ICC_082,Frozen Clone,寒冰克隆,Secret|Spell resolution|Trigger,YELLOW,implemented,partial,3 个机制缺少充分的核心效果验证；逐机制依据见 card_mechanism.csv。,card_mechanism.csv#ICC_082; generic-play-smoke:played,聚合状态取该卡最差机制；普通烟测只证明可执行，不能单独构成 GREEN。,ordinary_collectible,SPELL,yes,fireplace/cards/icecrown/mage.py:50,"Secret: After your opponent plays a minion, add two copies of it to your hand."
17.6.0.53261,Knights of the Frozen Throne (ICECROWN),ICC_083,Doomed Apprentice,末日学徒,Aura|Continuous effect / Update|Cost modification,YELLOW,implemented,partial,3 个机制缺少充分的核心效果验证；逐机制依据见 card_mechanism.csv。,card_mechanism.csv#ICC_083; generic-play-smoke:played,聚合状态取该卡最差机制；普通烟测只证明可执行，不能单独构成 GREEN。,ordinary_collectible,MINION,yes,fireplace/cards/icecrown/mage.py:20,Your opponent's spells cost (1) more.
17.6.0.53261,Knights of the Frozen Throne (ICECROWN),ICC_085,Ultimate Infestation,终极感染,Draw / Discard|Spell resolution|Summon|Targeting,YELLOW,implemented,partial,4 个机制缺少充分的核心效果验证；逐机制依据见 card_mechanism.csv。,card_mechanism.csv#ICC_085; generic-play-smoke:played,聚合状态取该卡最差机制；普通烟测只证明可执行，不能单独构成 GREEN。,ordinary_collectible,SPELL,yes,fireplace/cards/icecrown/druid.py:111,[x]Deal $5 damage. Draw 5 cards. Gain 5 Armor. Summon a 5/5 Ghoul.
17.6.0.53261,Knights of the Frozen Throne (ICECROWN),ICC_086,Glacial Mysteries,冰封秘典,Spell resolution|Summon,YELLOW,implemented,partial,2 个机制缺少充分的核心效果验证；逐机制依据见 card_mechanism.csv。,card_mechanism.csv#ICC_086; generic-play-smoke:played,聚合状态取该卡最差机制；普通烟测只证明可执行，不能单独构成 GREEN。,ordinary_collectible,SPELL,yes,fireplace/cards/icecrown/mage.py:58,Put one of each Secret from your deck into the battlefield.
17.6.0.53261,Knights of the Frozen Throne (ICECROWN),ICC_088,Voodoo Hexxer,巫毒妖术师,Targeting|Taunt|Trigger,YELLOW,implemented,partial,3 个机制缺少充分的核心效果验证；逐机制依据见 card_mechanism.csv。,card_mechanism.csv#ICC_088; generic-play-smoke:played,聚合状态取该卡最差机制；普通烟测只证明可执行，不能单独构成 GREEN。,ordinary_collectible,MINION,yes,fireplace/cards/icecrown/shaman.py:18,Taunt Freeze any character damaged by this minion.
17.6.0.53261,Knights of the Frozen Throne (ICECROWN),ICC_089,Ice Fishing,冰钓术,Draw / Discard|Spell resolution,YELLOW,implemented,partial,2 个机制缺少充分的核心效果验证；逐机制依据见 card_mechanism.csv。,card_mechanism.csv#ICC_089; generic-play-smoke:played,聚合状态取该卡最差机制；普通烟测只证明可执行，不能单独构成 GREEN。,ordinary_collectible,SPELL,yes,fireplace/cards/icecrown/shaman.py:65,Draw 2 Murlocs from your deck.
17.6.0.53261,Knights of the Frozen Throne (ICECROWN),ICC_090,Snowfury Giant,雪怒巨人,Cost modification,YELLOW,implemented,partial,1 个机制缺少充分的核心效果验证；逐机制依据见 card_mechanism.csv。,card_mechanism.csv#ICC_090; generic-play-smoke:unplayable_in_generic_setup,聚合状态取该卡最差机制；普通烟测只证明可执行，不能单独构成 GREEN。,ordinary_collectible,MINION,yes,fireplace/cards/icecrown/shaman.py:24,Costs (1) less for each Mana Crystal you've Overloaded this game.
17.6.0.53261,Knights of the Frozen Throne (ICECROWN),ICC_091,Dead Man's Hand,亡者之牌,Spell resolution,YELLOW,implemented,partial,1 个机制缺少充分的核心效果验证；逐机制依据见 card_mechanism.csv。,card_mechanism.csv#ICC_091; generic-play-smoke:played,聚合状态取该卡最差机制；普通烟测只证明可执行，不能单独构成 GREEN。,ordinary_collectible,SPELL,yes,fireplace/cards/icecrown/warrior.py:45,Shuffle a copy of your hand into your deck.
17.6.0.53261,Knights of the Frozen Throne (ICECROWN),ICC_092,Acherus Veteran,阿彻鲁斯老兵,Battlecry|Targeting,YELLOW,implemented,partial,2 个机制缺少充分的核心效果验证；逐机制依据见 card_mechanism.csv。,card_mechanism.csv#ICC_092; generic-play-smoke:played,聚合状态取该卡最差机制；普通烟测只证明可执行，不能单独构成 GREEN。,ordinary_collectible,MINION,yes,fireplace/cards/icecrown/neutral_common.py:53,Battlecry: Give a friendly minion +1 Attack.
17.6.0.53261,Knights of the Frozen Throne (ICECROWN),ICC_093,Tuskarr Fisherman,海象人渔夫,Battlecry|Spell Damage|Targeting,YELLOW,implemented,partial,3 个机制缺少充分的核心效果验证；逐机制依据见 card_mechanism.csv。,card_mechanism.csv#ICC_093; generic-play-smoke:played,聚合状态取该卡最差机制；普通烟测只证明可执行，不能单独构成 GREEN。,ordinary_collectible,MINION,yes,fireplace/cards/icecrown/neutral_common.py:67,Battlecry: Give a friendly minion Spell Damage +1.
17.6.0.53261,Knights of the Frozen Throne (ICECROWN),ICC_094,Fallen Sun Cleric,堕落残阳祭司,Battlecry|Targeting,YELLOW,implemented,partial,2 个机制缺少充分的核心效果验证；逐机制依据见 card_mechanism.csv。,card_mechanism.csv#ICC_094; generic-play-smoke:played,聚合状态取该卡最差机制；普通烟测只证明可执行，不能单独构成 GREEN。,ordinary_collectible,MINION,yes,fireplace/cards/icecrown/neutral_common.py:81,Battlecry: Give a friendly minion +1/+1.
17.6.0.53261,Knights of the Frozen Throne (ICECROWN),ICC_096,Furnacefire Colossus,熔火巨像,Battlecry|Draw / Discard|Targeting,YELLOW,implemented,partial,3 个机制缺少充分的核心效果验证；逐机制依据见 card_mechanism.csv。,card_mechanism.csv#ICC_096; generic-play-smoke:played,聚合状态取该卡最差机制；普通烟测只证明可执行，不能单独构成 GREEN。,ordinary_collectible,MINION,yes,fireplace/cards/icecrown/neutral_epic.py:15,Battlecry: Discard all weapons from your hand and gain their stats.
17.6.0.53261,Knights of the Frozen Throne (ICECROWN),ICC_097,Grave Shambler,墓地蹒跚者,Trigger,YELLOW,implemented,partial,1 个机制缺少充分的核心效果验证；逐机制依据见 card_mechanism.csv。,card_mechanism.csv#ICC_097; generic-play-smoke:played,聚合状态取该卡最差机制；普通烟测只证明可执行，不能单独构成 GREEN。,ordinary_collectible,MINION,yes,fireplace/cards/icecrown/neutral_common.py:95,"Whenever your weapon is destroyed, gain +1/+1."
17.6.0.53261,Knights of the Frozen Throne (ICECROWN),ICC_098,Tomb Lurker,墓穴潜伏者,Battlecry|Random effects,YELLOW,implemented,partial,2 个机制缺少充分的核心效果验证；逐机制依据见 card_mechanism.csv。,card_mechanism.csv#ICC_098; generic-play-smoke:played,聚合状态取该卡最差机制；普通烟测只证明可执行，不能单独构成 GREEN。,ordinary_collectible,MINION,yes,fireplace/cards/icecrown/neutral_epic.py:28,[x]Battlecry: Add a random Deathrattle minion that died this game to your hand.
17.6.0.53261,Knights of the Frozen Throne (ICECROWN),ICC_099,Ticking Abomination,自爆憎恶,Deathrattle,YELLOW,implemented,partial,1 个机制缺少充分的核心效果验证；逐机制依据见 card_mechanism.csv。,card_mechanism.csv#ICC_099; generic-play-smoke:played,聚合状态取该卡最差机制；普通烟测只证明可执行，不能单独构成 GREEN。,ordinary_collectible,MINION,yes,fireplace/cards/icecrown/neutral_rare.py:25,Deathrattle: Deal 5 damage to your minions.
17.6.0.53261,Knights of the Frozen Throne (ICECROWN),ICC_200,Venomstrike Trap,眼镜蛇陷阱,Secret|Spell resolution|Summon|Trigger,YELLOW,implemented,partial,4 个机制缺少充分的核心效果验证；逐机制依据见 card_mechanism.csv。,card_mechanism.csv#ICC_200; generic-play-smoke:played,聚合状态取该卡最差机制；普通烟测只证明可执行，不能单独构成 GREEN。,ordinary_collectible,SPELL,yes,fireplace/cards/icecrown/hunter.py:74,"Secret: When one of your minions is attacked, summon a 2/3 Poisonous Cobra."
17.6.0.53261,Knights of the Frozen Throne (ICECROWN),ICC_201,Roll the Bones,命运骨骰,Draw / Discard|Spell resolution,YELLOW,implemented,partial,2 个机制缺少充分的核心效果验证；逐机制依据见 card_mechanism.csv。,card_mechanism.csv#ICC_201; generic-play-smoke:played,聚合状态取该卡最差机制；普通烟测只证明可执行，不能单独构成 GREEN。,ordinary_collectible,SPELL,yes,fireplace/cards/icecrown/rogue.py:54,"Draw a card. If it has Deathrattle, cast this again."
17.6.0.53261,Knights of the Frozen Throne (ICECROWN),ICC_204,Professor Putricide,普崔塞德教授,Random effects|Summon|Trigger,YELLOW,implemented,partial,3 个机制缺少充分的核心效果验证；逐机制依据见 card_mechanism.csv。,card_mechanism.csv#ICC_204; generic-play-smoke:played,聚合状态取该卡最差机制；普通烟测只证明可执行，不能单独构成 GREEN。,ordinary_collectible,MINION,yes,fireplace/cards/icecrown/hunter.py:15,"After you play a Secret, put a random Hunter Secret into the battlefield."
17.6.0.53261,Knights of the Frozen Throne (ICECROWN),ICC_206,Treachery,变节,Spell resolution|Targeting,YELLOW,implemented,partial,2 个机制缺少充分的核心效果验证；逐机制依据见 card_mechanism.csv。,card_mechanism.csv#ICC_206; generic-play-smoke:played,聚合状态取该卡最差机制；普通烟测只证明可执行，不能单独构成 GREEN。,ordinary_collectible,SPELL,yes,fireplace/cards/icecrown/warlock.py:70,Choose a friendly minion and give it to your opponent.
17.6.0.53261,Knights of the Frozen Throne (ICECROWN),ICC_207,Devour Mind,吞噬意志,Spell resolution,YELLOW,implemented,partial,1 个机制缺少充分的核心效果验证；逐机制依据见 card_mechanism.csv。,card_mechanism.csv#ICC_207; generic-play-smoke:played,聚合状态取该卡最差机制；普通烟测只证明可执行，不能单独构成 GREEN。,ordinary_collectible,SPELL,yes,fireplace/cards/icecrown/priest.py:33,Copy 3 cards in your opponent's deck and add them to your hand.
17.6.0.53261,Knights of the Frozen Throne (ICECROWN),ICC_210,Shadow Ascendant,暗影升腾者,Random effects|Trigger,YELLOW,implemented,partial,2 个机制缺少充分的核心效果验证；逐机制依据见 card_mechanism.csv。,card_mechanism.csv#ICC_210; generic-play-smoke:played,聚合状态取该卡最差机制；普通烟测只证明可执行，不能单独构成 GREEN。,ordinary_collectible,MINION,yes,fireplace/cards/icecrown/priest.py:8,"[x]At the end of your turn, give another random friendly minion +1/+1."
17.6.0.53261,Knights of the Frozen Throne (ICECROWN),ICC_212,Acolyte of Agony,酷虐侍僧,Lifesteal,YELLOW,implemented,partial,1 个机制缺少充分的核心效果验证；逐机制依据见 card_mechanism.csv。,card_mechanism.csv#ICC_212; generic-play-smoke:played,聚合状态取该卡最差机制；普通烟测只证明可执行，不能单独构成 GREEN。,ordinary_collectible,MINION,yes,,Lifesteal
17.6.0.53261,Knights of the Frozen Throne (ICECROWN),ICC_213,Eternal Servitude,永恒奴役,Discover / Choice|Spell resolution|Summon,YELLOW,implemented,partial,3 个机制缺少充分的核心效果验证；逐机制依据见 card_mechanism.csv。,card_mechanism.csv#ICC_213; generic-play-smoke:unplayable_in_generic_setup,聚合状态取该卡最差机制；普通烟测只证明可执行，不能单独构成 GREEN。,ordinary_collectible,SPELL,yes,fireplace/cards/icecrown/priest.py:39,Discover a friendly minion that died this game. Summon it.
17.6.0.53261,Knights of the Frozen Throne (ICECROWN),ICC_214,Obsidian Statue,黑曜石雕像,Deathrattle|Lifesteal|Random effects|Taunt,YELLOW,implemented,partial,4 个机制缺少充分的核心效果验证；逐机制依据见 card_mechanism.csv。,card_mechanism.csv#ICC_214; generic-play-smoke:played,聚合状态取该卡最差机制；普通烟测只证明可执行，不能单独构成 GREEN。,ordinary_collectible,MINION,yes,fireplace/cards/icecrown/priest.py:17,"[x]Taunt, Lifesteal Deathrattle: Destroy a  random enemy minion."
17.6.0.53261,Knights of the Frozen Throne (ICECROWN),ICC_215,Archbishop Benedictus,大主教本尼迪塔斯,Battlecry,YELLOW,implemented,partial,1 个机制缺少充分的核心效果验证；逐机制依据见 card_mechanism.csv。,card_mechanism.csv#ICC_215; generic-play-smoke:played,聚合状态取该卡最差机制；普通烟测只证明可执行，不能单独构成 GREEN。,ordinary_collectible,MINION,yes,fireplace/cards/icecrown/priest.py:23,Battlecry: Shuffle a copy of your opponent's deck into your deck.
17.6.0.53261,Knights of the Frozen Throne (ICECROWN),ICC_218,Howlfiend,咆哮魔,Draw / Discard|Random effects|Trigger,YELLOW,implemented,partial,3 个机制缺少充分的核心效果验证；逐机制依据见 card_mechanism.csv。,card_mechanism.csv#ICC_218; generic-play-smoke:played,聚合状态取该卡最差机制；普通烟测只证明可执行，不能单独构成 GREEN。,ordinary_collectible,MINION,yes,fireplace/cards/icecrown/warlock.py:14,"Whenever this minion takes damage, discard a random card."
17.6.0.53261,Knights of the Frozen Throne (ICECROWN),ICC_220,Deadscale Knight,死鳞骑士,Lifesteal,YELLOW,implemented,partial,1 个机制缺少充分的核心效果验证；逐机制依据见 card_mechanism.csv。,card_mechanism.csv#ICC_220; generic-play-smoke:played,聚合状态取该卡最差机制；普通烟测只证明可执行，不能单独构成 GREEN。,ordinary_collectible,MINION,yes,,Lifesteal
17.6.0.53261,Knights of the Frozen Throne (ICECROWN),ICC_221,Leeching Poison,吸血药膏,Spell resolution,YELLOW,implemented,partial,1 个机制缺少充分的核心效果验证；逐机制依据见 card_mechanism.csv。,card_mechanism.csv#ICC_221; generic-play-smoke:unplayable_in_generic_setup,聚合状态取该卡最差机制；普通烟测只证明可执行，不能单独构成 GREEN。,ordinary_collectible,SPELL,yes,fireplace/cards/icecrown/rogue.py:60,Give your weapon Lifesteal this turn.
17.6.0.53261,Knights of the Frozen Throne (ICECROWN),ICC_233,Doomerang,末日回旋镖,Spell resolution|Targeting,YELLOW,implemented,partial,2 个机制缺少充分的核心效果验证；逐机制依据见 card_mechanism.csv。,card_mechanism.csv#ICC_233; generic-play-smoke:unplayable_in_generic_setup,聚合状态取该卡最差机制；普通烟测只证明可执行，不能单独构成 GREEN。,ordinary_collectible,SPELL,yes,fireplace/cards/icecrown/rogue.py:69,"Throw your weapon at a minion. It deals its damage, then returns to your hand."
17.6.0.53261,Knights of the Frozen Throne (ICECROWN),ICC_235,Shadow Essence,暗影精华,Random effects|Spell resolution|Summon,YELLOW,implemented,partial,3 个机制缺少充分的核心效果验证；逐机制依据见 card_mechanism.csv。,card_mechanism.csv#ICC_235; generic-play-smoke:played,聚合状态取该卡最差机制；普通烟测只证明可执行，不能单独构成 GREEN。,ordinary_collectible,SPELL,yes,fireplace/cards/icecrown/priest.py:51,Summon a 5/5 copy of a random minion in your deck.
17.6.0.53261,Knights of the Frozen Throne (ICECROWN),ICC_236,Ice Breaker,破冰斧,Trigger|Weapon,YELLOW,implemented,partial,2 个机制缺少充分的核心效果验证；逐机制依据见 card_mechanism.csv。,card_mechanism.csv#ICC_236; generic-play-smoke:played,聚合状态取该卡最差机制；普通烟测只证明可执行，不能单独构成 GREEN。,ordinary_collectible,WEAPON,yes,fireplace/cards/icecrown/shaman.py:75,Destroy any Frozen minion damaged by this.
17.6.0.53261,Knights of the Frozen Throne (ICECROWN),ICC_238,Animated Berserker,活化狂战士,Trigger,YELLOW,implemented,partial,1 个机制缺少充分的核心效果验证；逐机制依据见 card_mechanism.csv。,card_mechanism.csv#ICC_238; generic-play-smoke:played,聚合状态取该卡最差机制；普通烟测只证明可执行，不能单独构成 GREEN。,ordinary_collectible,MINION,yes,fireplace/cards/icecrown/warrior.py:14,"After you play a minion, deal 1 damage to it."
17.6.0.53261,Knights of the Frozen Throne (ICECROWN),ICC_240,Runeforge Haunter,符文熔铸游魂,Aura|Continuous effect / Update,YELLOW,implemented,partial,2 个机制缺少充分的核心效果验证；逐机制依据见 card_mechanism.csv。,card_mechanism.csv#ICC_240; generic-play-smoke:played,聚合状态取该卡最差机制；普通烟测只证明可执行，不能单独构成 GREEN。,ordinary_collectible,MINION,yes,fireplace/cards/icecrown/rogue.py:14,"During your turn, your weapon doesn't lose Durability."
17.6.0.53261,Knights of the Frozen Throne (ICECROWN),ICC_243,Corpse Widow,巨型尸蛛,Aura|Continuous effect / Update|Cost modification,YELLOW,implemented,partial,3 个机制缺少充分的核心效果验证；逐机制依据见 card_mechanism.csv。,card_mechanism.csv#ICC_243; generic-play-smoke:played,聚合状态取该卡最差机制；普通烟测只证明可执行，不能单独构成 GREEN。,ordinary_collectible,MINION,yes,fireplace/cards/icecrown/hunter.py:28,Your Deathrattle cards cost (2) less.
17.6.0.53261,Knights of the Frozen Throne (ICECROWN),ICC_244,Desperate Stand,殊死一搏,Spell resolution|Targeting,YELLOW,implemented,partial,2 个机制缺少充分的核心效果验证；逐机制依据见 card_mechanism.csv。,card_mechanism.csv#ICC_244; generic-play-smoke:played,聚合状态取该卡最差机制；普通烟测只证明可执行，不能单独构成 GREEN。,ordinary_collectible,SPELL,yes,fireplace/cards/icecrown/paladin.py:54,"Give a minion ""Deathrattle: Return this to life with 1 Health."""
17.6.0.53261,Knights of the Frozen Throne (ICECROWN),ICC_245,Blackguard,黑色卫士,Random effects|Trigger,YELLOW,implemented,partial,2 个机制缺少充分的核心效果验证；逐机制依据见 card_mechanism.csv。,card_mechanism.csv#ICC_245; generic-play-smoke:played,聚合状态取该卡最差机制；普通烟测只证明可执行，不能单独构成 GREEN。,ordinary_collectible,MINION,yes,fireplace/cards/icecrown/paladin.py:14,"Whenever your hero is healed, deal that much damage to a random enemy minion."
17.6.0.53261,Knights of the Frozen Throne (ICECROWN),ICC_252,Coldwraith,冰冷鬼魂,Battlecry|Draw / Discard,YELLOW,implemented,partial,2 个机制缺少充分的核心效果验证；逐机制依据见 card_mechanism.csv。,card_mechanism.csv#ICC_252; generic-play-smoke:played,聚合状态取该卡最差机制；普通烟测只证明可执行，不能单独构成 GREEN。,ordinary_collectible,MINION,yes,fireplace/cards/icecrown/mage.py:26,"Battlecry: If an enemy is Frozen, draw a card."
17.6.0.53261,Knights of the Frozen Throne (ICECROWN),ICC_257,Corpse Raiser,唤尸者,Battlecry|Targeting,YELLOW,implemented,partial,2 个机制缺少充分的核心效果验证；逐机制依据见 card_mechanism.csv。,card_mechanism.csv#ICC_257; generic-play-smoke:played,聚合状态取该卡最差机制；普通烟测只证明可执行，不能单独构成 GREEN。,ordinary_collectible,MINION,yes,fireplace/cards/icecrown/neutral_rare.py:31,"[x]Battlecry: Give a friendly minion ""Deathrattle:   Resummon this minion."""
17.6.0.53261,Knights of the Frozen Throne (ICECROWN),ICC_281,Forge of Souls,灵魂洪炉,Draw / Discard|Spell resolution,YELLOW,implemented,partial,2 个机制缺少充分的核心效果验证；逐机制依据见 card_mechanism.csv。,card_mechanism.csv#ICC_281; generic-play-smoke:played,聚合状态取该卡最差机制；普通烟测只证明可执行，不能单独构成 GREEN。,ordinary_collectible,SPELL,yes,fireplace/cards/icecrown/warrior.py:51,Draw 2 weapons from your deck.
17.6.0.53261,Knights of the Frozen Throne (ICECROWN),ICC_289,Moorabi,莫拉比,Targeting|Trigger,YELLOW,implemented,partial,2 个机制缺少充分的核心效果验证；逐机制依据见 card_mechanism.csv。,card_mechanism.csv#ICC_289; generic-play-smoke:played,聚合状态取该卡最差机制；普通烟测只证明可执行，不能单独构成 GREEN。,ordinary_collectible,MINION,yes,fireplace/cards/icecrown/shaman.py:30,"Whenever another minion is Frozen, add a copy of it to your hand."
17.6.0.53261,Knights of the Frozen Throne (ICECROWN),ICC_314,The Lich King,巫妖王,Random effects|Taunt|Trigger,YELLOW,implemented,partial,3 个机制缺少充分的核心效果验证；逐机制依据见 card_mechanism.csv。,card_mechanism.csv#ICC_314; generic-play-smoke:played,聚合状态取该卡最差机制；普通烟测只证明可执行，不能单独构成 GREEN。,ordinary_collectible,MINION,yes,fireplace/cards/icecrown/neutral_legendary.py:8,"[x]Taunt At the end of your turn, add a random Death Knight card to your hand."
17.6.0.53261,Knights of the Frozen Throne (ICECROWN),ICC_405,Rotface,腐面,Random effects|Summon|Trigger,YELLOW,implemented,partial,3 个机制缺少充分的核心效果验证；逐机制依据见 card_mechanism.csv。,card_mechanism.csv#ICC_405; generic-play-smoke:played,聚合状态取该卡最差机制；普通烟测只证明可执行，不能单独构成 GREEN。,ordinary_collectible,MINION,yes,fireplace/cards/icecrown/warrior.py:20,"[x]After this minion survives damage, summon a random Legendary minion."
17.6.0.53261,Knights of the Frozen Throne (ICECROWN),ICC_407,Gnomeferatu,侏儒吸血鬼,Battlecry,YELLOW,implemented,partial,1 个机制缺少充分的核心效果验证；逐机制依据见 card_mechanism.csv。,card_mechanism.csv#ICC_407; generic-play-smoke:played,聚合状态取该卡最差机制；普通烟测只证明可执行，不能单独构成 GREEN。,ordinary_collectible,MINION,yes,fireplace/cards/icecrown/warlock.py:20,Battlecry: Remove the top card of your opponent's deck.
17.6.0.53261,Knights of the Frozen Throne (ICECROWN),ICC_408,Val'kyr Soulclaimer,瓦格里摄魂者,Summon|Trigger,YELLOW,implemented,partial,2 个机制缺少充分的核心效果验证；逐机制依据见 card_mechanism.csv。,card_mechanism.csv#ICC_408; generic-play-smoke:played,聚合状态取该卡最差机制；普通烟测只证明可执行，不能单独构成 GREEN。,ordinary_collectible,MINION,yes,fireplace/cards/icecrown/warrior.py:26,"[x]After this minion survives damage, summon a 2/2 Ghoul."
17.6.0.53261,Knights of the Frozen Throne (ICECROWN),ICC_415,Stitched Tracker,缝合追踪者,Battlecry|Discover / Choice,YELLOW,implemented,partial,2 个机制缺少充分的核心效果验证；逐机制依据见 card_mechanism.csv。,card_mechanism.csv#ICC_415; generic-play-smoke:played,聚合状态取该卡最差机制；普通烟测只证明可执行，不能单独构成 GREEN。,ordinary_collectible,MINION,yes,fireplace/cards/icecrown/hunter.py:34,Battlecry: Discover a copy of a minion in your deck.
17.6.0.53261,Knights of the Frozen Throne (ICECROWN),ICC_419,Bearshark,熊鲨,Untargetable,YELLOW,implemented,partial,1 个机制缺少充分的核心效果验证；逐机制依据见 card_mechanism.csv。,card_mechanism.csv#ICC_419; generic-play-smoke:played,聚合状态取该卡最差机制；普通烟测只证明可执行，不能单独构成 GREEN。,ordinary_collectible,MINION,yes,,Can't be targeted by spells or Hero Powers.
17.6.0.53261,Knights of the Frozen Throne (ICECROWN),ICC_450,Death Revenant,死亡幽魂,Battlecry,YELLOW,implemented,partial,1 个机制缺少充分的核心效果验证；逐机制依据见 card_mechanism.csv。,card_mechanism.csv#ICC_450; generic-play-smoke:played,聚合状态取该卡最差机制；普通烟测只证明可执行，不能单独构成 GREEN。,ordinary_collectible,MINION,yes,fireplace/cards/icecrown/warrior.py:32,Battlecry: Gain +1/+1 for each damaged minion.
17.6.0.53261,Knights of the Frozen Throne (ICECROWN),ICC_466,Saronite Chain Gang,萨隆苦囚,Battlecry|Summon|Taunt,YELLOW,implemented,partial,3 个机制缺少充分的核心效果验证；逐机制依据见 card_mechanism.csv。,card_mechanism.csv#ICC_466; generic-play-smoke:played,聚合状态取该卡最差机制；普通烟测只证明可执行，不能单独构成 GREEN。,ordinary_collectible,MINION,yes,fireplace/cards/icecrown/neutral_rare.py:47,[x]Taunt Battlecry: Summon another Saronite Chain Gang.
17.6.0.53261,Knights of the Frozen Throne (ICECROWN),ICC_467,Deathspeaker,亡语者,Battlecry|Targeting,YELLOW,implemented,partial,2 个机制缺少充分的核心效果验证；逐机制依据见 card_mechanism.csv。,card_mechanism.csv#ICC_467; generic-play-smoke:played,聚合状态取该卡最差机制；普通烟测只证明可执行，不能单独构成 GREEN。,ordinary_collectible,MINION,yes,fireplace/cards/icecrown/neutral_common.py:104,Battlecry: Give a friendly minion Immune this turn.
17.6.0.53261,Knights of the Frozen Throne (ICECROWN),ICC_468,Wretched Tiller,失心农夫,Trigger,YELLOW,implemented,partial,1 个机制缺少充分的核心效果验证；逐机制依据见 card_mechanism.csv。,card_mechanism.csv#ICC_468; generic-play-smoke:played,聚合状态取该卡最差机制；普通烟测只证明可执行，不能单独构成 GREEN。,ordinary_collectible,MINION,yes,fireplace/cards/icecrown/neutral_common.py:118,"Whenever this minion attacks, deal 2 damage to the enemy hero."
17.6.0.53261,Knights of the Frozen Throne (ICECROWN),ICC_469,Unwilling Sacrifice,强制牺牲,Random effects|Spell resolution|Targeting,YELLOW,implemented,partial,3 个机制缺少充分的核心效果验证；逐机制依据见 card_mechanism.csv。,card_mechanism.csv#ICC_469; generic-play-smoke:played,聚合状态取该卡最差机制；普通烟测只证明可执行，不能单独构成 GREEN。,ordinary_collectible,SPELL,yes,fireplace/cards/icecrown/warlock.py:81,Choose a friendly minion. Destroy it and a random enemy minion.
17.6.0.53261,Knights of the Frozen Throne (ICECROWN),ICC_481,"Thrall, Deathseer",死亡先知萨尔,Battlecry|Cost modification|Random effects|Transform,YELLOW,implemented,partial,4 个机制缺少充分的核心效果验证；逐机制依据见 card_mechanism.csv。,card_mechanism.csv#ICC_481; generic-play-smoke:played,聚合状态取该卡最差机制；普通烟测只证明可执行，不能单独构成 GREEN。,ordinary_collectible,HERO,yes,fireplace/cards/icecrown/shaman.py:87,Battlecry: Transform your minions into random ones that cost (2) more.
17.6.0.53261,Knights of the Frozen Throne (ICECROWN),ICC_700,Happy Ghoul,开心的食尸鬼,Trigger,YELLOW,implemented,partial,1 个机制缺少充分的核心效果验证；逐机制依据见 card_mechanism.csv。,card_mechanism.csv#ICC_700; generic-play-smoke:played,聚合状态取该卡最差机制；普通烟测只证明可执行，不能单独构成 GREEN。,ordinary_collectible,MINION,yes,fireplace/cards/icecrown/neutral_rare.py:53,Costs (0) if your hero was healed this turn.
17.6.0.53261,Knights of the Frozen Throne (ICECROWN),ICC_701,Skulking Geist,游荡恶鬼,Battlecry,YELLOW,implemented,partial,1 个机制缺少充分的核心效果验证；逐机制依据见 card_mechanism.csv。,card_mechanism.csv#ICC_701; generic-play-smoke:played,聚合状态取该卡最差机制；普通烟测只证明可执行，不能单独构成 GREEN。,ordinary_collectible,MINION,yes,fireplace/cards/icecrown/neutral_epic.py:34,Battlecry: Destroy all 1-Cost spells in both hands and decks.
17.6.0.53261,Knights of the Frozen Throne (ICECROWN),ICC_702,Shallow Gravedigger,孱弱的掘墓者,Deathrattle|Random effects,YELLOW,implemented,partial,2 个机制缺少充分的核心效果验证；逐机制依据见 card_mechanism.csv。,card_mechanism.csv#ICC_702; generic-play-smoke:played,聚合状态取该卡最差机制；普通烟测只证明可执行，不能单独构成 GREEN。,ordinary_collectible,MINION,yes,fireplace/cards/icecrown/neutral_rare.py:71,Deathrattle: Add a random Deathrattle minion to your hand.
17.6.0.53261,Knights of the Frozen Throne (ICECROWN),ICC_705,Bonemare,骨魇,Battlecry|Targeting,YELLOW,implemented,partial,2 个机制缺少充分的核心效果验证；逐机制依据见 card_mechanism.csv。,card_mechanism.csv#ICC_705; generic-play-smoke:played,聚合状态取该卡最差机制；普通烟测只证明可执行，不能单独构成 GREEN。,ordinary_collectible,MINION,yes,fireplace/cards/icecrown/neutral_common.py:124,Battlecry: Give a friendly minion +4/+4 and Taunt.
17.6.0.53261,Knights of the Frozen Throne (ICECROWN),ICC_706,Nerubian Unraveler,蛛魔拆解者,Aura|Continuous effect / Update|Cost modification,YELLOW,implemented,partial,3 个机制缺少充分的核心效果验证；逐机制依据见 card_mechanism.csv。,card_mechanism.csv#ICC_706; generic-play-smoke:played,聚合状态取该卡最差机制；普通烟测只证明可执行，不能单独构成 GREEN。,ordinary_collectible,MINION,yes,fireplace/cards/icecrown/neutral_epic.py:40,Spells cost (2) more.
17.6.0.53261,Knights of the Frozen Throne (ICECROWN),ICC_801,Howling Commander,咆哮的指挥官,Battlecry|Draw / Discard,YELLOW,implemented,partial,2 个机制缺少充分的核心效果验证；逐机制依据见 card_mechanism.csv。,card_mechanism.csv#ICC_801; generic-play-smoke:played,聚合状态取该卡最差机制；普通烟测只证明可执行，不能单独构成 GREEN。,ordinary_collectible,MINION,yes,fireplace/cards/icecrown/paladin.py:20,Battlecry: Draw a Divine Shield minion from your deck.
17.6.0.53261,Knights of the Frozen Throne (ICECROWN),ICC_802,Spirit Lash,灵魂鞭笞,Lifesteal|Spell resolution,YELLOW,implemented,partial,2 个机制缺少充分的核心效果验证；逐机制依据见 card_mechanism.csv。,card_mechanism.csv#ICC_802; generic-play-smoke:played,聚合状态取该卡最差机制；普通烟测只证明可执行，不能单独构成 GREEN。,ordinary_collectible,SPELL,yes,fireplace/cards/icecrown/priest.py:67,Lifesteal Deal $1 damage to all minions.
17.6.0.53261,Knights of the Frozen Throne (ICECROWN),ICC_807,Strongshell Scavenger,硬壳清道夫,Battlecry,YELLOW,implemented,partial,1 个机制缺少充分的核心效果验证；逐机制依据见 card_mechanism.csv。,card_mechanism.csv#ICC_807; generic-play-smoke:played,聚合状态取该卡最差机制；普通烟测只证明可执行，不能单独构成 GREEN。,ordinary_collectible,MINION,yes,fireplace/cards/icecrown/druid.py:53,Battlecry: Give your Taunt minions +2/+2.
17.6.0.53261,Knights of the Frozen Throne (ICECROWN),ICC_808,Crypt Lord,地穴领主,Summon|Taunt|Trigger,YELLOW,implemented,partial,3 个机制缺少充分的核心效果验证；逐机制依据见 card_mechanism.csv。,card_mechanism.csv#ICC_808; generic-play-smoke:played,聚合状态取该卡最差机制；普通烟测只证明可执行，不能单独构成 GREEN。,ordinary_collectible,MINION,yes,fireplace/cards/icecrown/druid.py:62,"[x]Taunt After you summon a minion,  gain +1 Health."
17.6.0.53261,Knights of the Frozen Throne (ICECROWN),ICC_809,Plague Scientist,瘟疫科学家,Combo|Targeting,YELLOW,implemented,partial,2 个机制缺少充分的核心效果验证；逐机制依据见 card_mechanism.csv。,card_mechanism.csv#ICC_809; generic-play-smoke:played,聚合状态取该卡最差机制；普通烟测只证明可执行，不能单独构成 GREEN。,ordinary_collectible,MINION,yes,fireplace/cards/icecrown/rogue.py:22,Combo: Give a friendly minion Poisonous.
17.6.0.53261,Knights of the Frozen Throne (ICECROWN),ICC_810,Deathaxe Punisher,亡斧惩罚者,Battlecry|Random effects,YELLOW,implemented,partial,2 个机制缺少充分的核心效果验证；逐机制依据见 card_mechanism.csv。,card_mechanism.csv#ICC_810; generic-play-smoke:played,聚合状态取该卡最差机制；普通烟测只证明可执行，不能单独构成 GREEN。,ordinary_collectible,MINION,yes,fireplace/cards/icecrown/neutral_epic.py:46,Battlecry: Give a random Lifesteal minion in your hand +2/+2.
17.6.0.53261,Knights of the Frozen Throne (ICECROWN),ICC_811,Lilian Voss,莉莉安·沃斯,Battlecry|Random effects,YELLOW,implemented,partial,2 个机制缺少充分的核心效果验证；逐机制依据见 card_mechanism.csv。,card_mechanism.csv#ICC_811; generic-play-smoke:played,聚合状态取该卡最差机制；普通烟测只证明可执行，不能单独构成 GREEN。,ordinary_collectible,MINION,yes,fireplace/cards/icecrown/rogue.py:33,Battlecry: Replace spells in your hand with random spells (from your opponent's class).
17.6.0.53261,Knights of the Frozen Throne (ICECROWN),ICC_812,Meat Wagon,绞肉车,Deathrattle|Summon,YELLOW,implemented,partial,2 个机制缺少充分的核心效果验证；逐机制依据见 card_mechanism.csv。,card_mechanism.csv#ICC_812; generic-play-smoke:played,聚合状态取该卡最差机制；普通烟测只证明可执行，不能单独构成 GREEN。,ordinary_collectible,MINION,yes,fireplace/cards/icecrown/neutral_epic.py:55,[x]Deathrattle: Summon a minion from your deck with less Attack than this minion.
17.6.0.53261,Knights of the Frozen Throne (ICECROWN),ICC_820,Chillblade Champion,寒刃勇士,Charge|Lifesteal,YELLOW,implemented,partial,2 个机制缺少充分的核心效果验证；逐机制依据见 card_mechanism.csv。,card_mechanism.csv#ICC_820; generic-play-smoke:played,聚合状态取该卡最差机制；普通烟测只证明可执行，不能单独构成 GREEN。,ordinary_collectible,MINION,yes,,Charge Lifesteal
17.6.0.53261,Knights of the Frozen Throne (ICECROWN),ICC_823,Simulacrum,模拟幻影,Spell resolution,YELLOW,implemented,partial,1 个机制缺少充分的核心效果验证；逐机制依据见 card_mechanism.csv。,card_mechanism.csv#ICC_823; generic-play-smoke:played,聚合状态取该卡最差机制；普通烟测只证明可执行，不能单独构成 GREEN。,ordinary_collectible,SPELL,yes,fireplace/cards/icecrown/mage.py:67,Copy the lowest Cost minion in your hand.
17.6.0.53261,Knights of the Frozen Throne (ICECROWN),ICC_825,Abominable Bowman,憎恶弓箭手,Deathrattle|Random effects|Summon,YELLOW,implemented,partial,3 个机制缺少充分的核心效果验证；逐机制依据见 card_mechanism.csv。,card_mechanism.csv#ICC_825; generic-play-smoke:played,聚合状态取该卡最差机制；普通烟测只证明可执行，不能单独构成 GREEN。,ordinary_collectible,MINION,yes,fireplace/cards/icecrown/hunter.py:42,[x]Deathrattle: Summon a random friendly Beast that died this game.
17.6.0.53261,Knights of the Frozen Throne (ICECROWN),ICC_827,Valeera the Hollow,虚空之影瓦莉拉,Battlecry,YELLOW,implemented,partial,1 个机制缺少充分的核心效果验证；逐机制依据见 card_mechanism.csv。,card_mechanism.csv#ICC_827; generic-play-smoke:played,聚合状态取该卡最差机制；普通烟测只证明可执行，不能单独构成 GREEN。,ordinary_collectible,HERO,yes,fireplace/cards/icecrown/rogue.py:97,Battlecry: Gain Stealth until your next turn.
17.6.0.53261,Knights of the Frozen Throne (ICECROWN),ICC_828,Deathstalker Rexxar,死亡猎手雷克萨,Battlecry,YELLOW,implemented,partial,1 个机制缺少充分的核心效果验证；逐机制依据见 card_mechanism.csv。,card_mechanism.csv#ICC_828; generic-play-smoke:played,聚合状态取该卡最差机制；普通烟测只证明可执行，不能单独构成 GREEN。,ordinary_collectible,HERO,yes,fireplace/cards/icecrown/hunter.py:86,[x]Battlecry: Deal 2 damage to all enemy minions.
17.6.0.53261,Knights of the Frozen Throne (ICECROWN),ICC_829,Uther of the Ebon Blade,黑锋骑士乌瑟尔,Battlecry|Summon,YELLOW,implemented,partial,2 个机制缺少充分的核心效果验证；逐机制依据见 card_mechanism.csv。,card_mechanism.csv#ICC_829; generic-play-smoke:played,聚合状态取该卡最差机制；普通烟测只证明可执行，不能单独构成 GREEN。,ordinary_collectible,HERO,yes,fireplace/cards/icecrown/paladin.py:86,Battlecry: Equip a 5/3 Lifesteal weapon.
17.6.0.53261,Knights of the Frozen Throne (ICECROWN),ICC_830,Shadowreaper Anduin,暗影收割者安度因,Battlecry,YELLOW,implemented,partial,1 个机制缺少充分的核心效果验证；逐机制依据见 card_mechanism.csv。,card_mechanism.csv#ICC_830; generic-play-smoke:played,聚合状态取该卡最差机制；普通烟测只证明可执行，不能单独构成 GREEN。,ordinary_collectible,HERO,yes,fireplace/cards/icecrown/priest.py:92,Battlecry: Destroy all minions with 5 or more Attack.
17.6.0.53261,Knights of the Frozen Throne (ICECROWN),ICC_831,Bloodreaver Gul'dan,鲜血掠夺者古尔丹,Battlecry|Summon,YELLOW,implemented,partial,2 个机制缺少充分的核心效果验证；逐机制依据见 card_mechanism.csv。,card_mechanism.csv#ICC_831; generic-play-smoke:played,聚合状态取该卡最差机制；普通烟测只证明可执行，不能单独构成 GREEN。,ordinary_collectible,HERO,yes,fireplace/cards/icecrown/warlock.py:96,Battlecry: Summon all friendly Demons that died this game.
17.6.0.53261,Knights of the Frozen Throne (ICECROWN),ICC_832,Malfurion the Pestilent,污染者玛法里奥,Choose One|Summon,YELLOW,implemented,partial,2 个机制缺少充分的核心效果验证；逐机制依据见 card_mechanism.csv。,card_mechanism.csv#ICC_832; generic-play-smoke:played,聚合状态取该卡最差机制；普通烟测只证明可执行，不能单独构成 GREEN。,ordinary_collectible,HERO,yes,fireplace/cards/icecrown/druid.py:127,[x]Choose One - Summon 2 Poisonous Spiders; or 2 Scarabs with Taunt.
17.6.0.53261,Knights of the Frozen Throne (ICECROWN),ICC_833,Frost Lich Jaina,冰霜女巫吉安娜,Battlecry|Summon,YELLOW,implemented,partial,2 个机制缺少充分的核心效果验证；逐机制依据见 card_mechanism.csv。,card_mechanism.csv#ICC_833; generic-play-smoke:played,聚合状态取该卡最差机制；普通烟测只证明可执行，不能单独构成 GREEN。,ordinary_collectible,HERO,yes,fireplace/cards/icecrown/mage.py:84,[x]Battlecry: Summon a 3/6 Water Elemental. Your Elementals have Lifesteal this game.
17.6.0.53261,Knights of the Frozen Throne (ICECROWN),ICC_834,Scourgelord Garrosh,天灾领主加尔鲁什,Battlecry|Summon,YELLOW,implemented,partial,2 个机制缺少充分的核心效果验证；逐机制依据见 card_mechanism.csv。,card_mechanism.csv#ICC_834; generic-play-smoke:played,聚合状态取该卡最差机制；普通烟测只证明可执行，不能单独构成 GREEN。,ordinary_collectible,HERO,yes,fireplace/cards/icecrown/warrior.py:83,Battlecry: Equip a 4/3 Shadowmourne that also damages adjacent minions.
17.6.0.53261,Knights of the Frozen Throne (ICECROWN),ICC_835,Hadronox,哈多诺克斯,Deathrattle|Summon,YELLOW,implemented,partial,2 个机制缺少充分的核心效果验证；逐机制依据见 card_mechanism.csv。,card_mechanism.csv#ICC_835; generic-play-smoke:played,聚合状态取该卡最差机制；普通烟测只证明可执行，不能单独构成 GREEN。,ordinary_collectible,MINION,yes,fireplace/cards/icecrown/druid.py:71,Deathrattle: Summon your Taunt minions that died this game.
17.6.0.53261,Knights of the Frozen Throne (ICECROWN),ICC_836,Breath of Sindragosa,冰龙吐息,Random effects|Spell resolution|Targeting,YELLOW,implemented,partial,3 个机制缺少充分的核心效果验证；逐机制依据见 card_mechanism.csv。,card_mechanism.csv#ICC_836; generic-play-smoke:played,聚合状态取该卡最差机制；普通烟测只证明可执行，不能单独构成 GREEN。,ordinary_collectible,SPELL,yes,fireplace/cards/icecrown/mage.py:73,Deal $2 damage to a random enemy minion and Freeze it.
17.6.0.53261,Knights of the Frozen Throne (ICECROWN),ICC_837,Bring It On!,放马过来,Cost modification|Spell resolution,YELLOW,implemented,partial,2 个机制缺少充分的核心效果验证；逐机制依据见 card_mechanism.csv。,card_mechanism.csv#ICC_837; generic-play-smoke:played,聚合状态取该卡最差机制；普通烟测只证明可执行，不能单独构成 GREEN。,ordinary_collectible,SPELL,yes,fireplace/cards/icecrown/warrior.py:57,Gain 10 Armor. Reduce the Cost of minions in your opponent's hand by (2).
17.6.0.53261,Knights of the Frozen Throne (ICECROWN),ICC_838,Sindragosa,辛达苟萨,Battlecry|Summon,YELLOW,implemented,partial,2 个机制缺少充分的核心效果验证；逐机制依据见 card_mechanism.csv。,card_mechanism.csv#ICC_838; generic-play-smoke:played,聚合状态取该卡最差机制；普通烟测只证明可执行，不能单独构成 GREEN。,ordinary_collectible,MINION,yes,fireplace/cards/icecrown/mage.py:36,Battlecry: Summon two 0/1 Frozen Champions.
17.6.0.53261,Knights of the Frozen Throne (ICECROWN),ICC_849,Embrace Darkness,黑暗之拥,Spell resolution|Targeting|Trigger,YELLOW,implemented,partial,3 个机制缺少充分的核心效果验证；逐机制依据见 card_mechanism.csv。,card_mechanism.csv#ICC_849; generic-play-smoke:played,聚合状态取该卡最差机制；普通烟测只证明可执行，不能单独构成 GREEN。,ordinary_collectible,SPELL,yes,fireplace/cards/icecrown/priest.py:73,"[x]Choose an enemy minion. At the start of your turn, gain control of it."
17.6.0.53261,Knights of the Frozen Throne (ICECROWN),ICC_850,Shadowblade,暗影之刃,Battlecry|Weapon,YELLOW,implemented,partial,2 个机制缺少充分的核心效果验证；逐机制依据见 card_mechanism.csv。,card_mechanism.csv#ICC_850; generic-play-smoke:played,聚合状态取该卡最差机制；普通烟测只证明可执行，不能单独构成 GREEN。,ordinary_collectible,WEAPON,yes,fireplace/cards/icecrown/rogue.py:84,Battlecry: Your hero is Immune this turn.
17.6.0.53261,Knights of the Frozen Throne (ICECROWN),ICC_851,Prince Keleseth,凯雷塞斯王子,Battlecry,YELLOW,implemented,partial,1 个机制缺少充分的核心效果验证；逐机制依据见 card_mechanism.csv。,card_mechanism.csv#ICC_851; generic-play-smoke:played,聚合状态取该卡最差机制；普通烟测只证明可执行，不能单独构成 GREEN。,ordinary_collectible,MINION,yes,fireplace/cards/icecrown/neutral_legendary.py:90,"Battlecry: If your deck has no 2-Cost cards, give all minions in your deck +1/+1."
17.6.0.53261,Knights of the Frozen Throne (ICECROWN),ICC_852,Prince Taldaram,塔达拉姆王子,Battlecry|Targeting|Transform,YELLOW,implemented,partial,3 个机制缺少充分的核心效果验证；逐机制依据见 card_mechanism.csv。,card_mechanism.csv#ICC_852; generic-play-smoke:played,聚合状态取该卡最差机制；普通烟测只证明可执行，不能单独构成 GREEN。,ordinary_collectible,MINION,yes,fireplace/cards/icecrown/neutral_legendary.py:99,"Battlecry: If your deck has no 3-Cost cards, transform into a 3/3 copy of a minion."
17.6.0.53261,Knights of the Frozen Throne (ICECROWN),ICC_853,Prince Valanar,瓦拉纳王子,Battlecry,YELLOW,implemented,partial,1 个机制缺少充分的核心效果验证；逐机制依据见 card_mechanism.csv。,card_mechanism.csv#ICC_853; generic-play-smoke:played,聚合状态取该卡最差机制；普通烟测只证明可执行，不能单独构成 GREEN。,ordinary_collectible,MINION,yes,fireplace/cards/icecrown/neutral_legendary.py:114,"Battlecry: If your deck has no 4-Cost cards, gain Lifesteal and Taunt."
17.6.0.53261,Knights of the Frozen Throne (ICECROWN),ICC_854,Arfus,阿尔福斯,Deathrattle|Random effects,YELLOW,implemented,partial,2 个机制缺少充分的核心效果验证；逐机制依据见 card_mechanism.csv。,card_mechanism.csv#ICC_854; generic-play-smoke:played,聚合状态取该卡最差机制；普通烟测只证明可执行，不能单独构成 GREEN。,ordinary_collectible,MINION,yes,fireplace/cards/icecrown/neutral_legendary.py:120,Deathrattle: Add a random Death Knight card to your hand.
17.6.0.53261,Knights of the Frozen Throne (ICECROWN),ICC_855,Hyldnir Frostrider,海德尼尔冰霜骑士,Battlecry,YELLOW,implemented,partial,1 个机制缺少充分的核心效果验证；逐机制依据见 card_mechanism.csv。,card_mechanism.csv#ICC_855; generic-play-smoke:played,聚合状态取该卡最差机制；普通烟测只证明可执行，不能单独构成 GREEN。,ordinary_collectible,MINION,yes,fireplace/cards/icecrown/neutral_common.py:138,Battlecry: Freeze your other minions.
17.6.0.53261,Knights of the Frozen Throne (ICECROWN),ICC_856,Spellweaver,织法者,Spell Damage,YELLOW,implemented,partial,1 个机制缺少充分的核心效果验证；逐机制依据见 card_mechanism.csv。,card_mechanism.csv#ICC_856; generic-play-smoke:played,聚合状态取该卡最差机制；普通烟测只证明可执行，不能单独构成 GREEN。,ordinary_collectible,MINION,yes,,Spell Damage +2
17.6.0.53261,Knights of the Frozen Throne (ICECROWN),ICC_858,"Bolvar, Fireblood",浴火者伯瓦尔,Divine Shield|Trigger,YELLOW,implemented,partial,2 个机制缺少充分的核心效果验证；逐机制依据见 card_mechanism.csv。,card_mechanism.csv#ICC_858; generic-play-smoke:played,聚合状态取该卡最差机制；普通烟测只证明可执行，不能单独构成 GREEN。,ordinary_collectible,MINION,yes,fireplace/cards/icecrown/paladin.py:26,"Divine Shield After a friendly minion loses Divine Shield, gain +2 Attack."
17.6.0.53261,Knights of the Frozen Throne (ICECROWN),ICC_901,Drakkari Enchanter,达卡莱附魔师,Aura|Continuous effect / Update,YELLOW,implemented,partial,2 个机制缺少充分的核心效果验证；逐机制依据见 card_mechanism.csv。,card_mechanism.csv#ICC_901; generic-play-smoke:played,聚合状态取该卡最差机制；普通烟测只证明可执行，不能单独构成 GREEN。,ordinary_collectible,MINION,yes,fireplace/cards/icecrown/neutral_epic.py:63,Your end of turn effects trigger twice.
17.6.0.53261,Knights of the Frozen Throne (ICECROWN),ICC_902,Mindbreaker,摧心者,Continuous effect / Update,YELLOW,implemented,partial,1 个机制缺少充分的核心效果验证；逐机制依据见 card_mechanism.csv。,card_mechanism.csv#ICC_902; generic-play-smoke:played,聚合状态取该卡最差机制；普通烟测只证明可执行，不能单独构成 GREEN。,ordinary_collectible,MINION,yes,fireplace/cards/icecrown/neutral_rare.py:77,Hero Powers are disabled.
17.6.0.53261,Knights of the Frozen Throne (ICECROWN),ICC_903,Sanguine Reveler,血色狂欢者,Battlecry|Targeting,YELLOW,implemented,partial,2 个机制缺少充分的核心效果验证；逐机制依据见 card_mechanism.csv。,card_mechanism.csv#ICC_903; generic-play-smoke:played,聚合状态取该卡最差机制；普通烟测只证明可执行，不能单独构成 GREEN。,ordinary_collectible,MINION,yes,fireplace/cards/icecrown/warlock.py:32,Battlecry: Destroy a friendly minion and gain +2/+2.
17.6.0.53261,Knights of the Frozen Throne (ICECROWN),ICC_904,Wicked Skeleton,邪骨骷髅,Battlecry,YELLOW,implemented,partial,1 个机制缺少充分的核心效果验证；逐机制依据见 card_mechanism.csv。,card_mechanism.csv#ICC_904; generic-play-smoke:played,聚合状态取该卡最差机制；普通烟测只证明可执行，不能单独构成 GREEN。,ordinary_collectible,MINION,yes,fireplace/cards/icecrown/neutral_common.py:150,Battlecry: Gain +1/+1 for each minion that died this turn.
17.6.0.53261,Knights of the Frozen Throne (ICECROWN),ICC_905,Bloodworm,血虫,Lifesteal,YELLOW,implemented,partial,1 个机制缺少充分的核心效果验证；逐机制依据见 card_mechanism.csv。,card_mechanism.csv#ICC_905; generic-play-smoke:played,聚合状态取该卡最差机制；普通烟测只证明可执行，不能单独构成 GREEN。,ordinary_collectible,MINION,yes,,Lifesteal
17.6.0.53261,Knights of the Frozen Throne (ICECROWN),ICC_910,Spectral Pillager,鬼灵匪贼,Combo|Targeting,YELLOW,implemented,partial,2 个机制缺少充分的核心效果验证；逐机制依据见 card_mechanism.csv。,card_mechanism.csv#ICC_910; generic-play-smoke:played,聚合状态取该卡最差机制；普通烟测只证明可执行，不能单独构成 GREEN。,ordinary_collectible,MINION,yes,fireplace/cards/icecrown/rogue.py:41,[x]Combo: Deal damage equal to the number of other cards you've played this turn.
17.6.0.53261,Knights of the Frozen Throne (ICECROWN),ICC_911,Keening Banshee,哀泣女妖,Trigger,YELLOW,implemented,partial,1 个机制缺少充分的核心效果验证；逐机制依据见 card_mechanism.csv。,card_mechanism.csv#ICC_911; generic-play-smoke:played,聚合状态取该卡最差机制；普通烟测只证明可执行，不能单独构成 GREEN。,ordinary_collectible,MINION,yes,fireplace/cards/icecrown/neutral_rare.py:83,"Whenever you play a card, remove the top 3 cards of your deck."
17.6.0.53261,Knights of the Frozen Throne (ICECROWN),ICC_912,Corpsetaker,夺尸者,Battlecry,YELLOW,implemented,partial,1 个机制缺少充分的核心效果验证；逐机制依据见 card_mechanism.csv。,card_mechanism.csv#ICC_912; generic-play-smoke:played,聚合状态取该卡最差机制；普通烟测只证明可执行，不能单独构成 GREEN。,ordinary_collectible,MINION,yes,fireplace/cards/icecrown/neutral_epic.py:69,"[x]Battlecry: Gain Taunt if your deck has a Taunt minion. Repeat for Divine Shield, Lifesteal, Windfury."
17.6.0.53261,Knights of the Frozen Throne (ICECROWN),ICC_913,Tainted Zealot,被污染的狂热者,Divine Shield|Spell Damage,YELLOW,implemented,partial,2 个机制缺少充分的核心效果验证；逐机制依据见 card_mechanism.csv。,card_mechanism.csv#ICC_913; generic-play-smoke:played,聚合状态取该卡最差机制；普通烟测只证明可执行，不能单独构成 GREEN。,ordinary_collectible,MINION,yes,,Divine Shield Spell Damage +1
