case_id,card_id,mechanic,expected,observed,outcome,notes
entry_AT_020,AT_020,No-script minion entry / printed stats,"hand and PLAY zone; printed stats 6/8, cost 7, race DEMON preserved; tribe selector if applicable; Taunt=False, Charge=False, Spell Damage=0","printed=6/8,cost=7,race=DEMON;hand=HAND:6/8,cost=7,race=DEMON;play=PLAY:6/8,cost=7,race=DEMON;in_field=True;taunt=False;charge=False;spell_damage=0;tribe_selector=True",PASS,"Entry, cost, tribe selection, and native keyword state; Taunt/Charge/Spell Damage interactions have separate cases."
entry_AT_092,AT_092,No-script minion entry / printed stats,"hand and PLAY zone; printed stats 5/2, cost 3, race ELEMENTAL preserved; tribe selector if applicable; Taunt=False, Charge=False, Spell Damage=0","printed=5/2,cost=3,race=ELEMENTAL;hand=HAND:5/2,cost=3,race=ELEMENTAL;play=PLAY:5/2,cost=3,race=ELEMENTAL;in_field=True;taunt=False;charge=False;spell_damage=0;tribe_selector=True",PASS,"Entry, cost, tribe selection, and native keyword state; Taunt/Charge/Spell Damage interactions have separate cases."
entry_AT_101,AT_101,No-script minion entry / printed stats,"hand and PLAY zone; printed stats 5/6, cost 5, race INVALID preserved; tribe selector if applicable; Taunt=False, Charge=False, Spell Damage=0","printed=5/6,cost=5,race=INVALID;hand=HAND:5/6,cost=5,race=INVALID;play=PLAY:5/6,cost=5,race=INVALID;in_field=True;taunt=False;charge=False;spell_damage=0;tribe_selector=not_applicable",PASS,"Entry, cost, tribe selection, and native keyword state; Taunt/Charge/Spell Damage interactions have separate cases."
entry_AT_102,AT_102,No-script minion entry / printed stats,"hand and PLAY zone; printed stats 5/9, cost 7, race BEAST preserved; tribe selector if applicable; Taunt=False, Charge=False, Spell Damage=0","printed=5/9,cost=7,race=BEAST;hand=HAND:5/9,cost=7,race=BEAST;play=PLAY:5/9,cost=7,race=BEAST;in_field=True;taunt=False;charge=False;spell_damage=0;tribe_selector=True",PASS,"Entry, cost, tribe selection, and native keyword state; Taunt/Charge/Spell Damage interactions have separate cases."
entry_BOT_309,BOT_309,No-script minion entry / printed stats,"hand and PLAY zone; printed stats 1/5, cost 2, race MECHANICAL preserved; tribe selector if applicable; Taunt=False, Charge=False, Spell Damage=0","printed=1/5,cost=2,race=MECHANICAL;hand=HAND:1/5,cost=2,race=MECHANICAL;play=PLAY:1/5,cost=2,race=MECHANICAL;in_field=True;taunt=False;charge=False;spell_damage=0;tribe_selector=not_applicable",PASS,"Entry, cost, tribe selection, and native keyword state; Taunt/Charge/Spell Damage interactions have separate cases."
entry_CFM_665,CFM_665,No-script minion entry / printed stats,"hand and PLAY zone; printed stats 6/3, cost 4, race INVALID preserved; tribe selector if applicable; Taunt=False, Charge=False, Spell Damage=0","printed=6/3,cost=4,race=INVALID;hand=HAND:6/3,cost=4,race=INVALID;play=PLAY:6/3,cost=4,race=INVALID;in_field=True;taunt=False;charge=False;spell_damage=0;tribe_selector=not_applicable",PASS,"Entry, cost, tribe selection, and native keyword state; Taunt/Charge/Spell Damage interactions have separate cases."
entry_CS2_118,CS2_118,No-script minion entry / printed stats,"hand and PLAY zone; printed stats 5/1, cost 3, race ELEMENTAL preserved; tribe selector if applicable; Taunt=False, Charge=False, Spell Damage=0","printed=5/1,cost=3,race=ELEMENTAL;hand=HAND:5/1,cost=3,race=ELEMENTAL;play=PLAY:5/1,cost=3,race=ELEMENTAL;in_field=True;taunt=False;charge=False;spell_damage=0;tribe_selector=True",PASS,"Entry, cost, tribe selection, and native keyword state; Taunt/Charge/Spell Damage interactions have separate cases."
entry_CS2_119,CS2_119,No-script minion entry / printed stats,"hand and PLAY zone; printed stats 2/7, cost 4, race BEAST preserved; tribe selector if applicable; Taunt=False, Charge=False, Spell Damage=0","printed=2/7,cost=4,race=BEAST;hand=HAND:2/7,cost=4,race=BEAST;play=PLAY:2/7,cost=4,race=BEAST;in_field=True;taunt=False;charge=False;spell_damage=0;tribe_selector=True",PASS,"Entry, cost, tribe selection, and native keyword state; Taunt/Charge/Spell Damage interactions have separate cases."
entry_CS2_120,CS2_120,No-script minion entry / printed stats,"hand and PLAY zone; printed stats 2/3, cost 2, race BEAST preserved; tribe selector if applicable; Taunt=False, Charge=False, Spell Damage=0","printed=2/3,cost=2,race=BEAST;hand=HAND:2/3,cost=2,race=BEAST;play=PLAY:2/3,cost=2,race=BEAST;in_field=True;taunt=False;charge=False;spell_damage=0;tribe_selector=True",PASS,"Entry, cost, tribe selection, and native keyword state; Taunt/Charge/Spell Damage interactions have separate cases."
entry_CS2_168,CS2_168,No-script minion entry / printed stats,"hand and PLAY zone; printed stats 2/1, cost 1, race MURLOC preserved; tribe selector if applicable; Taunt=False, Charge=False, Spell Damage=0","printed=2/1,cost=1,race=MURLOC;hand=HAND:2/1,cost=1,race=MURLOC;play=PLAY:2/1,cost=1,race=MURLOC;in_field=True;taunt=False;charge=False;spell_damage=0;tribe_selector=True",PASS,"Entry, cost, tribe selection, and native keyword state; Taunt/Charge/Spell Damage interactions have separate cases."
entry_CS2_172,CS2_172,No-script minion entry / printed stats,"hand and PLAY zone; printed stats 3/2, cost 2, race BEAST preserved; tribe selector if applicable; Taunt=False, Charge=False, Spell Damage=0","printed=3/2,cost=2,race=BEAST;hand=HAND:3/2,cost=2,race=BEAST;play=PLAY:3/2,cost=2,race=BEAST;in_field=True;taunt=False;charge=False;spell_damage=0;tribe_selector=True",PASS,"Entry, cost, tribe selection, and native keyword state; Taunt/Charge/Spell Damage interactions have separate cases."
entry_CS2_182,CS2_182,No-script minion entry / printed stats,"hand and PLAY zone; printed stats 4/5, cost 4, race INVALID preserved; tribe selector if applicable; Taunt=False, Charge=False, Spell Damage=0","printed=4/5,cost=4,race=INVALID;hand=HAND:4/5,cost=4,race=INVALID;play=PLAY:4/5,cost=4,race=INVALID;in_field=True;taunt=False;charge=False;spell_damage=0;tribe_selector=not_applicable",PASS,"Entry, cost, tribe selection, and native keyword state; Taunt/Charge/Spell Damage interactions have separate cases."
entry_CS2_186,CS2_186,No-script minion entry / printed stats,"hand and PLAY zone; printed stats 7/7, cost 7, race INVALID preserved; tribe selector if applicable; Taunt=False, Charge=False, Spell Damage=0","printed=7/7,cost=7,race=INVALID;hand=HAND:7/7,cost=7,race=INVALID;play=PLAY:7/7,cost=7,race=INVALID;in_field=True;taunt=False;charge=False;spell_damage=0;tribe_selector=not_applicable",PASS,"Entry, cost, tribe selection, and native keyword state; Taunt/Charge/Spell Damage interactions have separate cases."
entry_CS2_200,CS2_200,No-script minion entry / printed stats,"hand and PLAY zone; printed stats 6/7, cost 6, race INVALID preserved; tribe selector if applicable; Taunt=False, Charge=False, Spell Damage=0","printed=6/7,cost=6,race=INVALID;hand=HAND:6/7,cost=6,race=INVALID;play=PLAY:6/7,cost=6,race=INVALID;in_field=True;taunt=False;charge=False;spell_damage=0;tribe_selector=not_applicable",PASS,"Entry, cost, tribe selection, and native keyword state; Taunt/Charge/Spell Damage interactions have separate cases."
entry_CS2_201,CS2_201,No-script minion entry / printed stats,"hand and PLAY zone; printed stats 9/5, cost 7, race BEAST preserved; tribe selector if applicable; Taunt=False, Charge=False, Spell Damage=0","printed=9/5,cost=7,race=BEAST;hand=HAND:9/5,cost=7,race=BEAST;play=PLAY:9/5,cost=7,race=BEAST;in_field=True;taunt=False;charge=False;spell_damage=0;tribe_selector=True",PASS,"Entry, cost, tribe selection, and native keyword state; Taunt/Charge/Spell Damage interactions have separate cases."
entry_CS2_231,CS2_231,No-script minion entry / printed stats,"hand and PLAY zone; printed stats 1/1, cost 0, race INVALID preserved; tribe selector if applicable; Taunt=False, Charge=False, Spell Damage=0","printed=1/1,cost=0,race=INVALID;hand=HAND:1/1,cost=0,race=INVALID;play=PLAY:1/1,cost=0,race=INVALID;in_field=True;taunt=False;charge=False;spell_damage=0;tribe_selector=not_applicable",PASS,"Entry, cost, tribe selection, and native keyword state; Taunt/Charge/Spell Damage interactions have separate cases."
entry_DAL_092,DAL_092,No-script minion entry / printed stats,"hand and PLAY zone; printed stats 2/3, cost 2, race ELEMENTAL preserved; tribe selector if applicable; Taunt=False, Charge=False, Spell Damage=0","printed=2/3,cost=2,race=ELEMENTAL;hand=HAND:2/3,cost=2,race=ELEMENTAL;play=PLAY:2/3,cost=2,race=ELEMENTAL;in_field=True;taunt=False;charge=False;spell_damage=0;tribe_selector=True",PASS,"Entry, cost, tribe selection, and native keyword state; Taunt/Charge/Spell Damage interactions have separate cases."
entry_DRG_239,DRG_239,No-script minion entry / printed stats,"hand and PLAY zone; printed stats 2/2, cost 1, race INVALID preserved; tribe selector if applicable; Taunt=False, Charge=False, Spell Damage=0","printed=2/2,cost=1,race=INVALID;hand=HAND:2/2,cost=1,race=INVALID;play=PLAY:2/2,cost=1,race=INVALID;in_field=True;taunt=False;charge=False;spell_damage=0;tribe_selector=not_applicable",PASS,"Entry, cost, tribe selection, and native keyword state; Taunt/Charge/Spell Damage interactions have separate cases."
entry_GVG_044,GVG_044,No-script minion entry / printed stats,"hand and PLAY zone; printed stats 3/4, cost 3, race MECHANICAL preserved; tribe selector if applicable; Taunt=False, Charge=False, Spell Damage=0","printed=3/4,cost=3,race=MECHANICAL;hand=HAND:3/4,cost=3,race=MECHANICAL;play=PLAY:3/4,cost=3,race=MECHANICAL;in_field=True;taunt=False;charge=False;spell_damage=0;tribe_selector=not_applicable",PASS,"Entry, cost, tribe selection, and native keyword state; Taunt/Charge/Spell Damage interactions have separate cases."
entry_GVG_064,GVG_064,No-script minion entry / printed stats,"hand and PLAY zone; printed stats 3/2, cost 2, race MURLOC preserved; tribe selector if applicable; Taunt=False, Charge=False, Spell Damage=0","printed=3/2,cost=2,race=MURLOC;hand=HAND:3/2,cost=2,race=MURLOC;play=PLAY:3/2,cost=2,race=MURLOC;in_field=True;taunt=False;charge=False;spell_damage=0;tribe_selector=True",PASS,"Entry, cost, tribe selection, and native keyword state; Taunt/Charge/Spell Damage interactions have separate cases."
entry_GVG_070,GVG_070,No-script minion entry / printed stats,"hand and PLAY zone; printed stats 7/4, cost 5, race PIRATE preserved; tribe selector if applicable; Taunt=False, Charge=False, Spell Damage=0","printed=7/4,cost=5,race=PIRATE;hand=HAND:7/4,cost=5,race=PIRATE;play=PLAY:7/4,cost=5,race=PIRATE;in_field=True;taunt=False;charge=False;spell_damage=0;tribe_selector=not_applicable",PASS,"Entry, cost, tribe selection, and native keyword state; Taunt/Charge/Spell Damage interactions have separate cases."
entry_GVG_071,GVG_071,No-script minion entry / printed stats,"hand and PLAY zone; printed stats 5/4, cost 4, race BEAST preserved; tribe selector if applicable; Taunt=False, Charge=False, Spell Damage=0","printed=5/4,cost=4,race=BEAST;hand=HAND:5/4,cost=4,race=BEAST;play=PLAY:5/4,cost=4,race=BEAST;in_field=True;taunt=False;charge=False;spell_damage=0;tribe_selector=True",PASS,"Entry, cost, tribe selection, and native keyword state; Taunt/Charge/Spell Damage interactions have separate cases."
entry_ICC_023,ICC_023,No-script minion entry / printed stats,"hand and PLAY zone; printed stats 1/1, cost 0, race BEAST preserved; tribe selector if applicable; Taunt=False, Charge=False, Spell Damage=0","printed=1/1,cost=0,race=BEAST;hand=HAND:1/1,cost=0,race=BEAST;play=PLAY:1/1,cost=0,race=BEAST;in_field=True;taunt=False;charge=False;spell_damage=0;tribe_selector=True",PASS,"Entry, cost, tribe selection, and native keyword state; Taunt/Charge/Spell Damage interactions have separate cases."
entry_KAR_300,KAR_300,No-script minion entry / printed stats,"hand and PLAY zone; printed stats 2/2, cost 1, race BEAST preserved; tribe selector if applicable; Taunt=False, Charge=False, Spell Damage=0","printed=2/2,cost=1,race=BEAST;hand=HAND:2/2,cost=1,race=BEAST;play=PLAY:2/2,cost=1,race=BEAST;in_field=True;taunt=False;charge=False;spell_damage=0;tribe_selector=True",PASS,"Entry, cost, tribe selection, and native keyword state; Taunt/Charge/Spell Damage interactions have separate cases."
entry_LOEA10_3,LOEA10_3,No-script minion entry / printed stats,"hand and PLAY zone; printed stats 1/1, cost 0, race MURLOC preserved; tribe selector if applicable; Taunt=False, Charge=False, Spell Damage=0","printed=1/1,cost=0,race=MURLOC;hand=HAND:1/1,cost=0,race=MURLOC;play=PLAY:1/1,cost=0,race=MURLOC;in_field=True;taunt=False;charge=False;spell_damage=0;tribe_selector=True",PASS,"Entry, cost, tribe selection, and native keyword state; Taunt/Charge/Spell Damage interactions have separate cases."
entry_LOOT_258,LOOT_258,No-script minion entry / printed stats,"hand and PLAY zone; printed stats 1/3, cost 1, race BEAST preserved; tribe selector if applicable; Taunt=False, Charge=False, Spell Damage=0","printed=1/3,cost=1,race=BEAST;hand=HAND:1/3,cost=1,race=BEAST;play=PLAY:1/3,cost=1,race=BEAST;in_field=True;taunt=False;charge=False;spell_damage=0;tribe_selector=True",PASS,"Entry, cost, tribe selection, and native keyword state; Taunt/Charge/Spell Damage interactions have separate cases."
entry_OG_141,OG_141,No-script minion entry / printed stats,"hand and PLAY zone; printed stats 10/10, cost 10, race INVALID preserved; tribe selector if applicable; Taunt=False, Charge=False, Spell Damage=0","printed=10/10,cost=10,race=INVALID;hand=HAND:10/10,cost=10,race=INVALID;play=PLAY:10/10,cost=10,race=INVALID;in_field=True;taunt=False;charge=False;spell_damage=0;tribe_selector=not_applicable",PASS,"Entry, cost, tribe selection, and native keyword state; Taunt/Charge/Spell Damage interactions have separate cases."
entry_OG_142,OG_142,No-script minion entry / printed stats,"hand and PLAY zone; printed stats 6/10, cost 8, race INVALID preserved; tribe selector if applicable; Taunt=False, Charge=False, Spell Damage=0","printed=6/10,cost=8,race=INVALID;hand=HAND:6/10,cost=8,race=INVALID;play=PLAY:6/10,cost=8,race=INVALID;in_field=True;taunt=False;charge=False;spell_damage=0;tribe_selector=not_applicable",PASS,"Entry, cost, tribe selection, and native keyword state; Taunt/Charge/Spell Damage interactions have separate cases."
entry_OG_248,OG_248,No-script minion entry / printed stats,"hand and PLAY zone; printed stats 1/5, cost 3, race INVALID preserved; tribe selector if applicable; Taunt=False, Charge=False, Spell Damage=0","printed=1/5,cost=3,race=INVALID;hand=HAND:1/5,cost=3,race=INVALID;play=PLAY:1/5,cost=3,race=INVALID;in_field=True;taunt=False;charge=False;spell_damage=0;tribe_selector=not_applicable",PASS,"Entry, cost, tribe selection, and native keyword state; Taunt/Charge/Spell Damage interactions have separate cases."
entry_OG_325,OG_325,No-script minion entry / printed stats,"hand and PLAY zone; printed stats 2/5, cost 3, race BEAST preserved; tribe selector if applicable; Taunt=False, Charge=False, Spell Damage=0","printed=2/5,cost=3,race=BEAST;hand=HAND:2/5,cost=3,race=BEAST;play=PLAY:2/5,cost=3,race=BEAST;in_field=True;taunt=False;charge=False;spell_damage=0;tribe_selector=True",PASS,"Entry, cost, tribe selection, and native keyword state; Taunt/Charge/Spell Damage interactions have separate cases."
entry_OG_326,OG_326,No-script minion entry / printed stats,"hand and PLAY zone; printed stats 4/1, cost 2, race BEAST preserved; tribe selector if applicable; Taunt=False, Charge=False, Spell Damage=0","printed=4/1,cost=2,race=BEAST;hand=HAND:4/1,cost=2,race=BEAST;play=PLAY:4/1,cost=2,race=BEAST;in_field=True;taunt=False;charge=False;spell_damage=0;tribe_selector=True",PASS,"Entry, cost, tribe selection, and native keyword state; Taunt/Charge/Spell Damage interactions have separate cases."
entry_UNG_806,UNG_806,No-script minion entry / printed stats,"hand and PLAY zone; printed stats 7/14, cost 10, race BEAST preserved; tribe selector if applicable; Taunt=False, Charge=False, Spell Damage=0","printed=7/14,cost=10,race=BEAST;hand=HAND:7/14,cost=10,race=BEAST;play=PLAY:7/14,cost=10,race=BEAST;in_field=True;taunt=False;charge=False;spell_damage=0;tribe_selector=True",PASS,"Entry, cost, tribe selection, and native keyword state; Taunt/Charge/Spell Damage interactions have separate cases."
