version,set,parent_card_id,card_id,name_en,name_zh,text_en,text_zh,mechanic,baseline_status,status,implementation,tested,reason,evidence,notes
17.6.0.53261,Classic (EXPERT1),EX1_572,DREAM_01,Laughing Sister,欢笑的姐妹,Can't be targeted by spells or Hero Powers.,无法成为法术或英雄技能的目标。,Untargetable / minion stats,YELLOW,GREEN,implemented,yes,3/5 身材、法术与英雄技能不能指定均通过执行验证。,fireplace/cards/CardDefs.xml;tests/test_derived_ysera_cards.py::test_laughing_sister_has_spell_and_hero_power_immunity_and_its_printed_stats,非可收藏衍生牌；不计入可收藏卡主表。
17.6.0.53261,Classic (EXPERT1),EX1_572,DREAM_02,Ysera Awakens,伊瑟拉苏醒,Deal $5 damage to all characters except Ysera.,对除了伊瑟拉之外的所有角色造成$5点伤害。,Area damage,YELLOW,GREEN,implemented,yes,双方英雄与非伊瑟拉随从各受 5 点伤害，双方伊瑟拉均被排除。,fireplace/cards/classic/neutral_legendary.py;tests/test_derived_ysera_cards.py::test_dream_awakens_damages_every_character_except_all_yseras,非可收藏衍生牌；不计入可收藏卡主表。
17.6.0.53261,Classic (EXPERT1),EX1_572,DREAM_03,Emerald Drake,翡翠幼龙,,,Vanilla minion / Dragon,YELLOW,GREEN,implemented,yes,实际召唤后验证 7/6 身材和龙种族。,fireplace/cards/CardDefs.xml;tests/test_derived_ysera_cards.py::test_emerald_drake_has_its_printed_stats_and_dragon_race,非可收藏衍生牌；不计入可收藏卡主表。
17.6.0.53261,Classic (EXPERT1),EX1_572,DREAM_04,Dream,梦境,Return a minion to its owner's hand.,将一个随从移回其拥有者的 手牌。,Bounce / targeting,YELLOW,GREEN,implemented,yes,己方、敌方以及被夺取随从均回到当前控制者手牌。,fireplace/cards/classic/neutral_legendary.py;tests/test_derived_ysera_cards.py::test_dream_returns_a_friendly_or_enemy_minion_to_its_owner_hand;tests/test_derived_ysera_cards.py::test_dream_returns_a_stolen_minion_to_its_current_controller_hand,非可收藏衍生牌；不计入可收藏卡主表。
17.6.0.53261,Classic (EXPERT1),EX1_572,DREAM_05,Nightmare,噩梦,"Give a minion +5/+5. At the start of your next turn, destroy it.",使一个随从获得+5/+5，在你的下一个回合开始时，消灭该随从。,Buff / delayed destroy,RED,GREEN,implemented,yes,修复前未加 +5/+5，且回合开始仅移除附魔；修复后双边目标、受伤状态和施法者下回合消灭均通过。,fireplace/cards/classic/neutral_legendary.py;tests/test_derived_ysera_cards.py::test_nightmare_gives_either_side_minions_plus_five_plus_five;tests/test_derived_ysera_cards.py::test_nightmare_destroys_its_target_at_the_start_of_owners_next_turn;tests/test_derived_ysera_cards.py::test_nightmare_adds_health_without_healing_existing_damage;tests/test_derived_ysera_cards.py::test_nightmare_rejects_heroes_as_targets_without_consuming_the_spell,非可收藏衍生牌；不计入可收藏卡主表。
17.6.0.53261,Knights of the Frozen Throne (ICECROWN),ICC_314,ICC_314t1,Frostmourne,霜之哀伤,<b>Deathrattle:</b> Summon every minion killed by this weapon.,<b>亡语：</b>召唤被该武器消灭的所有 随从。,Weapon / deathrattle,YELLOW,GREEN,implemented,yes,武器击杀三名随从后损毁，亡语恰好复活三名被该武器击杀的随从。,fireplace/cards/icecrown/neutral_legendary.py;tests/test_derived_lich_king_cards.py::test_frostmourne_resummons_every_minion_killed_by_it_when_it_breaks,非可收藏衍生牌；不计入可收藏卡主表。
17.6.0.53261,Knights of the Frozen Throne (ICECROWN),ICC_314,ICC_314t2,Army of the Dead,亡者大军,Remove the top 5 cards of your deck. Summon any minions removed.,移除你的牌库顶的五张牌。召唤其中所有被移除的随从。,Mill / summon,RED,GREEN,implemented,yes,修复前被移出牌库的随从未召唤；修复后混合牌库、短牌库和满场边界均通过。,fireplace/cards/icecrown/neutral_legendary.py;tests/test_derived_lich_king_cards.py::test_army_of_the_dead_summons_each_milled_minion_and_mills_nonminions;tests/test_derived_lich_king_cards.py::test_army_of_the_dead_mills_and_summons_from_a_deck_with_fewer_than_five_cards;tests/test_derived_lich_king_cards.py::test_army_of_the_dead_mills_cards_but_respects_the_full_board_limit,非可收藏衍生牌；不计入可收藏卡主表。
17.6.0.53261,Knights of the Frozen Throne (ICECROWN),ICC_314,ICC_314t3,Doom Pact,末日契约,Destroy all minions. Remove the top card from your deck for each minion destroyed.,消灭所有随从。每消灭一个随从，移除你的牌库顶的 一张牌。,Destroy / mill,YELLOW,GREEN,implemented,yes,实际消灭双方随从并按消灭数移除牌库；休眠随从不被消灭且不增加移除数。,fireplace/cards/icecrown/neutral_legendary.py;tests/test_derived_lich_king_cards.py::test_doom_pact_destroys_all_minions_then_mills_one_card_per_minion;tests/test_derived_lich_king_cards.py::test_doom_pact_mills_only_for_minions_it_actually_destroys,非可收藏衍生牌；不计入可收藏卡主表。
17.6.0.53261,Knights of the Frozen Throne (ICECROWN),ICC_314,ICC_314t4,Death Grip,死亡之握,Steal a minion from your opponent's deck and add it to your hand.,从你对手的牌库中偷取一张随从牌，并置入你的手牌。,Deck steal,YELLOW,GREEN,implemented,yes,从敌方牌库移走随从并加入己方手牌；无随从牌库保持原状。,fireplace/cards/icecrown/neutral_legendary.py;tests/test_derived_lich_king_cards.py::test_death_grip_takes_a_minion_from_the_enemy_deck_into_hand;tests/test_derived_lich_king_cards.py::test_death_grip_leaves_a_minionless_enemy_deck_untouched,非可收藏衍生牌；不计入可收藏卡主表。
17.6.0.53261,Knights of the Frozen Throne (ICECROWN),ICC_314,ICC_314t5,Death Coil,凋零缠绕,"Deal $5 damage to an enemy, or restore #5 Health to a friendly character.",对一个敌人造成$5点伤害，或为一个友方角色恢复#5点 生命值。,Targeted damage / heal,YELLOW,GREEN,implemented,yes,敌方英雄及随从受 5 点伤害；己方英雄及受伤随从获得至多 5 点治疗。,fireplace/cards/icecrown/neutral_legendary.py;tests/test_derived_lich_king_cards.py::test_death_coil_damages_an_enemy_character_and_heals_a_friendly_character;tests/test_derived_lich_king_cards.py::test_death_coil_damages_an_enemy_minion_and_heals_a_friendly_minion,非可收藏衍生牌；不计入可收藏卡主表。
17.6.0.53261,Knights of the Frozen Throne (ICECROWN),ICC_314,ICC_314t6,Obliterate,湮灭,Destroy a minion. Your hero takes damage equal to its Health.,消灭一个随从。你的英雄受到等同于该随从生命值的 伤害。,Destroy / self damage,RED,GREEN,implemented,yes,修复前按目标攻击力伤害英雄；修复后按目标被消灭前的当前生命值伤害。,fireplace/cards/icecrown/neutral_legendary.py;tests/test_derived_lich_king_cards.py::test_obliterate_damages_its_controller_for_the_target_minions_current_health,非可收藏衍生牌；不计入可收藏卡主表。
17.6.0.53261,Knights of the Frozen Throne (ICECROWN),ICC_314,ICC_314t7,Anti-Magic Shell,反魔法护罩,"Give your minions +2/+2 and ""Can't be targeted by spells or Hero Powers.""",使你的所有随从获得+2/+2，且“无法成为法术或英雄技能的 目标。”,Buff / untargetable,YELLOW,GREEN,implemented,yes,仅己方随从 +2/+2，且确实不能被法术及英雄技能指定。,fireplace/cards/icecrown/neutral_legendary.py;tests/test_derived_lich_king_cards.py::test_anti_magic_shell_buffs_only_friendly_minions_and_grants_both_immunities,非可收藏衍生牌；不计入可收藏卡主表。
17.6.0.53261,Knights of the Frozen Throne (ICECROWN),ICC_314,ICC_314t8,Death and Decay,死亡凋零,Deal $3 damage to all enemies.,对所有敌人造成$3点伤害。,Area damage,YELLOW,GREEN,implemented,yes,敌方英雄与随从各受 3 点伤害，己方随从不受影响，死亡区域正确。,fireplace/cards/icecrown/neutral_legendary.py;tests/test_derived_lich_king_cards.py::test_death_and_decay_damages_all_enemy_characters_only,非可收藏衍生牌；不计入可收藏卡主表。
